iteration,timestamp,time_ms,memory_process_mb,memory_system_mb,temp_delta_c,temp_absolute_c,current_ma
1,2025-12-05T15:38:08.670096,0.12377799998830596,0.0,0.0,0.5999999999999943,37.3,0.0
2,2025-12-05T15:38:08.676908,0.12957399997048924,0.0,0.0,0.0,36.7,0.1
3,2025-12-05T15:38:08.683626,0.12753700002576807,0.0,0.0,0.0,37.3,-0.30000000000000004
4,2025-12-05T15:38:08.690259,0.12570500007313967,0.0,0.0,0.0,37.3,-0.1
5,2025-12-05T15:38:08.696919,0.12722299993583874,0.0,0.0,0.0,37.8,-0.1
6,2025-12-05T15:38:08.703633,0.1280750000205444,0.0,0.0,0.5999999999999943,37.3,-0.1
7,2025-12-05T15:38:08.710331,0.12733399989883765,0.0,0.0,0.0,37.3,0.30000000000000004
8,2025-12-05T15:38:08.717050,0.12496300007569516,0.0,0.0,0.0,37.3,0.1
9,2025-12-05T15:38:08.723730,0.12883499994131853,0.0,0.0,0.0,37.3,0.1
10,2025-12-05T15:38:08.730526,0.12772299999141978,0.0,0.0,-0.5999999999999943,36.7,0
11,2025-12-05T15:38:08.737218,0.1280370000813491,0.0,0.0,0.0,36.7,-0.1
12,2025-12-05T15:38:08.743884,0.1284639999994397,0.0,0.0,0.0,37.3,-0.2
13,2025-12-05T15:38:08.752683,0.11013100004220178,0.0,0.0,0.0,37.3,0.10000000000000003
14,2025-12-05T15:38:08.758945,0.11203700000805838,0.0,0.0,0.5,37.8,0.1
15,2025-12-05T15:38:08.765231,0.11307500005841575,0.0,0.0,0.0,37.8,-0.1
16,2025-12-05T15:38:08.771565,0.11401899996599241,0.0,0.0,1.0999999999999943,37.8,0.1
17,2025-12-05T15:38:08.777790,0.11538899991592189,0.0,0.0,-0.5,37.3,-0.10000000000000003
18,2025-12-05T15:38:08.784057,0.11346399992362421,0.0,0.0,-0.5999999999999943,36.7,0.0
19,2025-12-05T15:38:08.790351,0.13464899996051827,0.0,0.0,0.0,36.7,0.0
20,2025-12-05T15:38:08.796627,0.11150000000270666,0.0,0.0,0.0,36.7,0.1
21,2025-12-05T15:38:08.802952,0.115482000069278,0.0,0.0,1.6999999999999957,38.4,0.4
22,2025-12-05T15:38:08.809214,0.11085200003435602,0.0,0.0,-1.1000000000000014,37.3,-0.10000000000000003
23,2025-12-05T15:38:08.815543,0.11220499993669364,0.0,0.0,0.0,37.3,-0.30000000000000004
24,2025-12-05T15:38:08.821806,0.11151900002914772,0.0,0.0,0.0,37.3,-0.10000000000000003
25,2025-12-05T15:38:08.828050,0.11526000002959336,0.0,0.0,0.0,36.2,0.2
26,2025-12-05T15:38:08.834345,0.12709299994639878,0.0,0.0,0.0,37.3,-0.1
27,2025-12-05T15:38:08.840570,0.11240799994993722,0.0,0.0,0.0,37.3,-0.2
28,2025-12-05T15:38:08.850180,0.114852000024257,0.0,0.0,0.0,37.3,0.30000000000000004
29,2025-12-05T15:38:08.856760,0.11916699997982505,0.0,0.0,-1.0999999999999943,36.2,0.2
30,2025-12-05T15:38:08.863321,0.11705600002187566,0.0,0.0,1.5999999999999943,37.8,-0.2
31,2025-12-05T15:38:08.869936,0.11642599997685465,0.0,0.0,0.0,36.7,-0.2
32,2025-12-05T15:38:08.876530,0.11683400009587785,0.0,0.0,0.5,37.8,0.30000000000000004
33,2025-12-05T15:38:08.883079,0.11737099998754275,0.0,0.0,0.0,37.8,0.2
34,2025-12-05T15:38:08.889588,0.11503799998990871,0.0,0.0,0.0,37.8,-0.2
35,2025-12-05T15:38:08.896103,0.11548199995559116,0.0,0.0,0.0,37.3,0.30000000000000004
36,2025-12-05T15:38:08.902633,0.117315000011331,0.0,0.0,0.0,37.3,0.1
37,2025-12-05T15:38:08.909223,0.11618600001384038,0.0,0.0,0.5,37.8,0.30000000000000004
38,2025-12-05T15:38:08.915779,0.11761099995055702,0.0,0.0,-0.5,37.3,-0.1
39,2025-12-05T15:38:08.922349,0.11907499992958037,0.0,0.0,0.0,37.8,0.10000000000000003
40,2025-12-05T15:38:08.928901,0.11729700008800137,0.0,0.0,-0.5,37.3,0
41,2025-12-05T15:38:08.935475,0.11579699992125825,0.0,0.0,0.5,37.8,-0.1
42,2025-12-05T15:38:08.942005,0.11798299999554729,0.0,0.0,0.0,37.8,-0.1
43,2025-12-05T15:38:08.948583,0.1174259999743299,0.0,0.0,0.0,38.4,0.0
44,2025-12-05T15:38:08.955166,0.11726000002454384,0.0,0.0,0.5999999999999943,37.3,0.2
45,2025-12-05T15:38:08.961772,0.1175560000774567,0.0,0.0,0.0,37.3,0.30000000000000004
46,2025-12-05T15:38:08.968321,0.11694500005887676,0.0,0.0,0.5,37.8,0.2
47,2025-12-05T15:38:08.974895,0.11835299994800152,0.0,0.0,0.0,37.3,0.30000000000000004
48,2025-12-05T15:38:08.981476,0.1170379999848592,0.0,0.0,0.5,37.8,-0.30000000000000004
49,2025-12-05T15:38:08.988026,0.11668600006942142,0.0,0.0,-1.0999999999999943,36.7,-0.4
50,2025-12-05T15:38:08.994550,0.11835299994800152,0.0,0.0,0.0,36.7,-0.2
51,2025-12-05T15:38:09.001101,0.11792600002991094,0.0,0.0,0.0,37.3,0.0
52,2025-12-05T15:38:09.007653,0.11538900002960872,0.0,0.0,-0.5999999999999943,36.7,-0.1
53,2025-12-05T15:38:09.014186,0.11796300009336846,0.0,0.0,0.5999999999999943,37.3,0.0
54,2025-12-05T15:38:09.020776,0.11714900006154494,0.0,0.0,0.0,37.3,0.1
55,2025-12-05T15:38:09.027300,0.11801900006958022,0.0,0.0,0.0,37.8,0.0
56,2025-12-05T15:38:09.033895,0.11744500000077096,0.0,0.0,0.5,37.8,0.30000000000000004
57,2025-12-05T15:38:09.040463,0.11566700004550512,0.0,0.0,0.0,37.8,-0.1
58,2025-12-05T15:38:09.046964,0.1187230000141426,0.0,0.0,-0.5,37.3,-0.1
59,2025-12-05T15:38:09.053545,0.11698200000864745,0.0,0.0,0.0,37.8,-0.19999999999999996
60,2025-12-05T15:38:09.060144,0.11750099997698271,0.0,0.0,0.0,37.8,-0.10000000000000003
61,2025-12-05T15:38:09.066658,0.11779700002989557,0.0,0.0,0.0,37.8,-0.1
62,2025-12-05T15:38:09.073266,0.11740800005100027,0.0,0.0,0.0,36.2,-0.2
63,2025-12-05T15:38:09.079831,0.11987100003807427,0.0,0.0,0.0,36.7,0
64,2025-12-05T15:38:09.086366,0.11737099998754275,0.0,0.0,0.5999999999999943,37.3,0.2
65,2025-12-05T15:38:09.092911,0.1176489998897523,0.0,0.0,0.0,37.3,-0.6
66,2025-12-05T15:38:09.099525,0.11726000002454384,0.0,0.0,0.0,37.3,-0.20000000000000004
67,2025-12-05T15:38:09.106077,0.117259999910857,0.0,0.0,0.0,37.8,-0.1
68,2025-12-05T15:38:09.112602,0.11566699993181828,0.0,0.0,0.0,37.3,-0.1
69,2025-12-05T15:38:09.119134,0.11396399997920525,0.0,0.0,0.0,37.3,-0.30000000000000004
70,2025-12-05T15:38:09.125706,0.11631600000328035,0.0,0.0,0.0,37.3,0.0
71,2025-12-05T15:38:09.132340,0.11627899993982282,0.0,0.0,0.0,37.8,-0.2
72,2025-12-05T15:38:09.138869,0.11559299991859007,0.0,0.0,0.5,37.8,-0.30000000000000004
73,2025-12-05T15:38:09.145505,0.1193890000195097,0.0,0.0,-0.5,37.3,0.0
74,2025-12-05T15:38:09.152039,0.119001000030039,0.0,0.0,0.0,37.3,0.0
75,2025-12-05T15:38:09.158574,0.11698200000864745,0.0,0.0,0.0,37.3,0.0
76,2025-12-05T15:38:09.165195,0.11718600001131563,0.0,0.0,-0.5,37.3,-0.20000000000000004
77,2025-12-05T15:38:09.171787,0.11722300007477315,0.0,0.390625,0.0,37.3,0.2
78,2025-12-05T15:38:09.179322,0.11757499999021093,0.0,0.0,0.0,36.7,0
79,2025-12-05T15:38:09.185894,0.11879700002737081,0.0,0.0,-1.1000000000000014,37.3,0.0
80,2025-12-05T15:38:09.192423,0.1166490000059639,0.0,0.0,-0.5999999999999943,36.7,-0.30000000000000004
81,2025-12-05T15:38:09.199043,0.11540800005604979,0.0,0.0,0.0,36.7,-0.1
82,2025-12-05T15:38:09.205664,0.11735299995052628,0.0,0.0,0.0,37.8,0.30000000000000004
83,2025-12-05T15:38:09.212260,0.11707500004831672,0.0,0.0,-0.5999999999999943,36.7,0.0
84,2025-12-05T15:38:09.218804,0.11698299999807205,0.0,0.0,0.5999999999999943,37.3,-0.1
85,2025-12-05T15:38:09.225380,0.11857499998768617,0.0,0.0,0.0,37.3,-0.30000000000000004
86,2025-12-05T15:38:09.231905,0.11716699998487456,0.0,0.0,0.0,37.3,0.2
87,2025-12-05T15:38:09.238503,0.15383400000246183,0.0,0.0,-0.5999999999999943,36.7,0.1
88,2025-12-05T15:38:09.245042,0.11672300001919211,0.0,0.0,0.0,36.7,-0.1
89,2025-12-05T15:38:09.251596,0.11774100005368382,0.0,0.0,0.0,36.7,-0.20000000000000004
90,2025-12-05T15:38:09.258176,0.11546300004283694,0.0,0.0,0.0,37.8,0.1
91,2025-12-05T15:38:09.264706,0.11785199990299589,0.0,0.0,0.5,37.8,-0.1
92,2025-12-05T15:38:09.271250,0.11751900001399918,0.0,0.0,-0.5,37.3,0.1
93,2025-12-05T15:38:09.277898,0.11631599988959351,0.0,0.0,0.0,37.3,0.1
94,2025-12-05T15:38:09.284443,0.11700000004566391,0.0,-0.390625,0.0,37.3,-0.1
95,2025-12-05T15:38:09.290933,0.11616799997682392,0.0,0.0,0.0,37.3,-0.1
96,2025-12-05T15:38:09.297480,0.11540800005604979,0.0,0.0,0.5,37.8,0.2
97,2025-12-05T15:38:09.304010,0.1167599999689628,0.0,0.0,0.0,37.8,-0.30000000000000004
98,2025-12-05T15:38:09.310535,0.11813000003257912,0.0,0.0,0.0,36.7,-0.1
99,2025-12-05T15:38:09.317114,0.11627899993982282,0.0,0.0,1.0999999999999943,37.3,0.30000000000000004
100,2025-12-05T15:38:09.323692,0.11888999995335325,0.0,0.0,0.0,37.3,-0.20000000000000004
101,2025-12-05T15:38:10.330839,0.13264899996556778,0.0,0.0,0.0,36.7,0.0
102,2025-12-05T15:38:10.337643,0.13085299997328548,0.0,0.0,1.0999999999999943,37.8,0.2
103,2025-12-05T15:38:10.344391,0.12944499997047387,0.0,0.0,-0.5,37.3,-0.2
104,2025-12-05T15:38:10.351040,0.12911200008147716,0.0,0.0,0.0,36.7,-0.2
105,2025-12-05T15:38:10.357751,0.12949999995726102,0.0,0.0,0.0,37.3,0.0
106,2025-12-05T15:38:10.364468,0.12859299999945506,0.0,0.0,0.0,37.3,-0.1
107,2025-12-05T15:38:10.371116,0.13142700004209473,0.0,0.0,-0.5999999999999943,36.7,0.1
108,2025-12-05T15:38:10.377809,0.12872299998889503,0.0,0.0,0.0,36.7,-0.1
109,2025-12-05T15:38:10.384493,0.12855599993599753,0.0,0.0,-0.5999999999999943,36.7,0.30000000000000004
110,2025-12-05T15:38:10.391123,0.1285749999624386,0.0,0.0,0.5999999999999943,37.3,-0.2
111,2025-12-05T15:38:10.397819,0.13003799995203735,0.0,0.0,0.0,36.7,-0.30000000000000004
112,2025-12-05T15:38:10.404486,0.12918599998101854,0.0,0.0,0.0,37.3,-0.1
113,2025-12-05T15:38:10.412991,0.11744500000077096,0.0,0.0,0.5999999999999943,37.3,0.1
114,2025-12-05T15:38:10.419588,0.11970499997460138,0.0,0.0,0.0,36.7,0.1
115,2025-12-05T15:38:10.426157,0.1254819999303436,0.0,0.0,-0.5999999999999943,36.7,0.2
116,2025-12-05T15:38:10.432734,0.1166480000165393,0.0,0.0,0.5999999999999943,37.3,0.30000000000000004
117,2025-12-05T15:38:10.439254,0.1177039999902263,0.0,0.0,0.0,37.3,0.30000000000000004
118,2025-12-05T15:38:10.445799,0.11529699997936405,0.0,0.0,0.0,36.7,-0.1
119,2025-12-05T15:38:10.452396,0.11824099999557802,0.0,0.0,-0.6000000000000014,37.8,0.1
120,2025-12-05T15:38:10.458944,0.11864900000091438,0.0,0.0,-0.5,37.3,0.1
121,2025-12-05T15:38:10.465520,0.11652000000594853,0.0,0.0,0.0,37.8,0.2
122,2025-12-05T15:38:10.472080,0.11666799991871812,0.0,0.0,0.0,36.7,0.0
123,2025-12-05T15:38:10.478632,0.11775999996643804,0.0,0.0,-0.5999999999999943,36.7,-0.2
124,2025-12-05T15:38:10.485196,0.11659400001917675,0.0,0.0,0.5999999999999943,37.3,0.0
125,2025-12-05T15:38:10.491845,0.11774100005368382,0.0,0.0,0.0,37.3,0.1
126,2025-12-05T15:38:10.498372,0.1236489999882906,0.0,0.0,0.0,37.8,0.0
127,2025-12-05T15:38:10.504958,0.11661199994250637,0.0,0.0,-0.5999999999999943,36.7,0.1
128,2025-12-05T15:38:10.511526,0.11666700004298036,0.0,0.078125,0.5999999999999943,37.3,0.0
129,2025-12-05T15:38:10.518122,0.11605700001382502,0.0,0.0,0.0,37.8,0.1
130,2025-12-05T15:38:10.524685,0.11555699995824398,0.0,0.0,0.0,37.3,0.0
131,2025-12-05T15:38:10.531210,0.11649999999008287,0.0,0.0,0.5,37.8,-0.1
132,2025-12-05T15:38:10.537764,0.11807400005636737,0.0,0.0,-0.5,37.3,0.2
133,2025-12-05T15:38:10.544405,0.11800099991887691,0.0,0.0,0.0,37.3,-0.1
134,2025-12-05T15:38:10.550935,0.1150749999396794,0.0,0.0,0.0,37.3,0.20000000000000004
135,2025-12-05T15:38:10.557471,0.1156299999820476,0.0,0.0,-0.5,37.3,0.1
136,2025-12-05T15:38:10.564035,0.11700100003508851,0.0,0.0,-0.5999999999999943,36.7,0.0
137,2025-12-05T15:38:10.570576,0.11835199995857693,0.0,0.0,0.0,36.7,0
138,2025-12-05T15:38:10.577152,0.117315000011331,0.0,0.0,0.0,37.3,-0.1
139,2025-12-05T15:38:10.583806,0.11470499998722516,0.0,0.0,0.0,37.3,-0.2
140,2025-12-05T15:38:10.590420,0.12613000001238106,0.0,0.0,0.0,37.3,-0.1
141,2025-12-05T15:38:10.597000,0.11783399997966626,0.0,0.0,0.0,36.2,0.1
142,2025-12-05T15:38:10.603532,0.11829699997178977,0.0,0.0,0.0,37.3,0.0
143,2025-12-05T15:38:10.610004,0.11659300002975215,0.0,0.0,0.0,37.3,0.1
144,2025-12-05T15:38:10.616688,0.1159820000111722,0.0,0.0,0.0,37.3,0.20000000000000004
145,2025-12-05T15:38:10.623238,0.11590899998736859,0.0,0.0,0.0,37.3,-0.30000000000000004
146,2025-12-05T15:38:10.629834,0.11588900008518976,0.0,0.0,0.0,37.3,0.30000000000000004
147,2025-12-05T15:38:10.636368,0.11700000004566391,0.0,0.0,0.0,37.3,-0.1
148,2025-12-05T15:38:10.642906,0.11581599994769931,0.0,0.0,0.0,37.3,-0.2
149,2025-12-05T15:38:10.649536,0.11601900007462973,0.0,0.0,0.0,37.3,0.1
150,2025-12-05T15:38:10.656076,0.11800100003256375,0.0,0.0,0.5999999999999943,37.3,0.2
151,2025-12-05T15:38:10.662609,0.11787100004312379,0.0,0.0,-0.5999999999999943,36.7,0.0
152,2025-12-05T15:38:10.669219,0.11835200007226376,0.0,0.0,0.5999999999999943,37.3,-0.4
153,2025-12-05T15:38:10.675801,0.11787099992943695,0.0,0.0,0.0,37.3,-0.1
154,2025-12-05T15:38:10.682380,0.11500000005071342,0.0,0.0,1.0999999999999943,37.8,0.0
155,2025-12-05T15:38:10.688955,0.11544500000582048,0.0,0.0,0.0,37.8,0.1
156,2025-12-05T15:38:10.695497,0.11722300007477315,0.0,0.0,-0.5,37.3,-0.4
157,2025-12-05T15:38:10.702068,0.11677800000597927,0.0,0.0,0.0,37.8,0.2
158,2025-12-05T15:38:10.708622,0.11603699999795936,0.0,0.0,-0.5,37.3,-0.30000000000000004
159,2025-12-05T15:38:10.715280,0.11551900001904869,0.0,0.0,0.5,37.8,0.20000000000000004
160,2025-12-05T15:38:10.721841,0.11624200010373897,0.0,0.0,0.0,37.8,0.30000000000000004
161,2025-12-05T15:38:10.728402,0.11527799995292298,0.0,0.0,0.0,37.3,-0.1
162,2025-12-05T15:38:10.734914,0.1161309999133664,0.0,0.0,-0.5,37.3,0.1
163,2025-12-05T15:38:10.741455,0.11613000003762863,0.0,0.0,0.0,37.3,-0.1
164,2025-12-05T15:38:10.747998,0.11607499993715464,0.0,0.0,0.0,37.3,0.0
165,2025-12-05T15:38:10.754510,0.11609299997417111,0.0,0.0,0.0,37.8,0.2
166,2025-12-05T15:38:10.761079,0.11638999990282173,0.0,0.0,-0.5999999999999943,36.7,0.5
167,2025-12-05T15:38:10.767658,0.11650099997950747,0.0,0.0,0.5999999999999943,37.3,-0.1
168,2025-12-05T15:38:10.774213,0.11490800000046875,0.0,0.0,0.0,37.3,0.2
169,2025-12-05T15:38:10.780736,0.11666700004298036,0.0,0.0,0.0,37.8,0.30000000000000004
170,2025-12-05T15:38:10.787270,0.11635199996362644,0.0,0.0,-0.5,37.3,-0.1
171,2025-12-05T15:38:10.793893,0.11472199992113019,0.0,0.390625,-0.5999999999999943,36.7,-0.10000000000000003
172,2025-12-05T15:38:10.800440,0.11683399998219102,0.0,0.0,0.0,37.8,0.2
173,2025-12-05T15:38:10.806988,0.11746400002721202,0.0,0.390625,0.0,37.8,-0.2
174,2025-12-05T15:38:10.813557,0.11737099998754275,0.0,0.0,0.0,37.3,0.10000000000000003
175,2025-12-05T15:38:10.820071,0.11679700003242033,0.0,0.0,0.0,37.3,-0.1
176,2025-12-05T15:38:10.826587,0.11663100008263427,0.0,0.0,0.0,37.3,-0.1
177,2025-12-05T15:38:10.833152,0.11472300002424163,0.0,0.0,0.0,37.8,0.1
178,2025-12-05T15:38:10.839692,0.11644500000329572,0.0,0.0,-0.5999999999999943,36.7,-0.1
179,2025-12-05T15:38:10.846257,0.12187100003302476,0.0,0.0,1.6999999999999957,38.4,0.1
180,2025-12-05T15:38:10.852765,0.11644599999272032,0.0,0.390625,0.0,37.3,-0.1
181,2025-12-05T15:38:10.859300,0.11783399997966626,0.0,0.0,0.0,37.3,0.0
182,2025-12-05T15:38:10.865902,0.11672299990550528,0.0,0.0,-0.5,37.3,0.10000000000000003
183,2025-12-05T15:38:10.872465,0.11668600006942142,0.0,0.0,0.0,37.3,-0.1
184,2025-12-05T15:38:10.879005,0.11614899995038286,0.0,0.0,0.0,37.3,-0.1
185,2025-12-05T15:38:10.885553,0.11685300000863208,0.0,0.0,0.0,37.3,-0.10000000000000003
186,2025-12-05T15:38:10.892114,0.11674099994252174,0.0,0.0,0.5999999999999943,37.3,-0.1
187,2025-12-05T15:38:10.898644,0.11750099997698271,0.0,0.0,0.0,37.3,0.2
188,2025-12-05T15:38:10.905296,0.11522300007982267,0.0,0.0,0.0,37.3,0.0
189,2025-12-05T15:38:10.911857,0.11748199995054165,0.0,0.0,0.0,37.8,0.1
190,2025-12-05T15:38:10.918386,0.11696399997163098,0.0,0.0,-0.5,37.3,-0.30000000000000004
191,2025-12-05T15:38:10.924918,0.1158710000481733,0.0,0.0,0.0,37.3,0.10000000000000003
192,2025-12-05T15:38:10.931489,0.11550099998203223,0.0,0.0,0.0,37.3,-0.4
193,2025-12-05T15:38:10.938066,0.11526000002959336,0.0,0.0,0.0,37.8,0.10000000000000003
194,2025-12-05T15:38:10.944638,0.11644500000329572,0.0,0.0,0.0,37.3,0.0
195,2025-12-05T15:38:10.951170,0.11751899990031234,0.0,0.0,0.0,37.3,-0.1
196,2025-12-05T15:38:10.957734,0.115482000069278,0.0,0.0,0.0,37.3,-0.30000000000000004
197,2025-12-05T15:38:10.964246,0.11616699998739932,0.0,0.0,0.0,37.3,-0.10000000000000003
198,2025-12-05T15:38:10.970778,0.11448199995811592,0.0,0.0,-1.0999999999999943,36.7,-0.30000000000000004
199,2025-12-05T15:38:10.977331,0.11585300001115684,0.0,0.0,0.0,36.7,0.30000000000000004
200,2025-12-05T15:38:10.983956,0.11614899995038286,0.0,0.0,0.0,37.3,0.10000000000000003
201,2025-12-05T15:38:11.990967,0.12942700004714425,0.0,0.0,0.5999999999999943,37.3,-0.1
202,2025-12-05T15:38:11.997695,0.1282599999967715,0.0,0.0,0.0,37.3,0
203,2025-12-05T15:38:12.004417,0.12968600003659958,0.0,0.0,0.0,36.7,-0.1
204,2025-12-05T15:38:12.011052,0.13018500010275602,0.0,0.0,0.0,37.3,-0.1
205,2025-12-05T15:38:12.017803,0.12898199997835036,0.0,0.0,-0.5,36.2,0.0
206,2025-12-05T15:38:12.024437,0.12620400002560928,0.0,0.0,1.0999999999999943,37.3,0.0
207,2025-12-05T15:38:12.031095,0.12566800000968215,0.0,0.0,0.0,37.3,0.4
208,2025-12-05T15:38:12.037798,0.12698199998339987,0.0,0.0,0.5999999999999943,37.3,0.1
209,2025-12-05T15:38:12.044483,0.12746400000196445,0.0,0.0,0.0,37.3,0.0
210,2025-12-05T15:38:12.051164,0.12809400004698546,0.0,0.0,-0.5999999999999943,36.7,-0.1
211,2025-12-05T15:38:12.057888,0.12790800008133374,0.0,0.0,0.0,37.8,-0.1
212,2025-12-05T15:38:12.064569,0.12940900001012778,0.0,0.0,0.5999999999999943,37.3,-0.20000000000000004
213,2025-12-05T15:38:12.071276,0.13179699999454897,0.0,0.0,-0.5999999999999943,36.7,0
214,2025-12-05T15:38:12.078014,0.1313149999759844,0.0,0.390625,0.0,36.7,0.30000000000000004
215,2025-12-05T15:38:12.084751,0.12979699999959848,0.0,0.0,0.0,37.3,-0.30000000000000004
216,2025-12-05T15:38:12.093219,0.11761200005366845,0.0,0.0,0.0,37.8,0.2
217,2025-12-05T15:38:12.099883,0.11809400007223303,0.0,0.0,0.0,37.3,-0.1
218,2025-12-05T15:38:12.106392,0.12879700000212324,0.0,0.0,0.0,37.3,-0.2
219,2025-12-05T15:38:12.112966,0.11461200006124272,0.0,0.0,0.0,37.3,-0.1
220,2025-12-05T15:38:12.119538,0.11537099999259226,0.0,0.0,0.0,36.7,0.0
221,2025-12-05T15:38:12.126259,0.1110560000370242,0.0,0.0,0.0,37.3,-0.20000000000000004
222,2025-12-05T15:38:12.132844,0.11583399998471577,0.0,0.0,0.5,37.8,0.2
223,2025-12-05T15:38:12.139411,0.1166480000165393,0.0,0.0,-1.0999999999999943,36.7,0.1
224,2025-12-05T15:38:12.145974,0.11494500006392627,0.0,0.0,0.0,37.3,-0.1
225,2025-12-05T15:38:12.152564,0.11640800005352503,0.0,0.0,0.0,37.8,-0.30000000000000004
226,2025-12-05T15:38:12.159139,0.1169270000218603,0.0,0.0,0.0,37.3,0.10000000000000003
227,2025-12-05T15:38:12.165717,0.11322299997118535,0.0,0.0,-0.5999999999999943,36.7,-0.3
228,2025-12-05T15:38:12.172310,0.11572300002171687,0.0,0.0,0.0,36.7,-0.1
229,2025-12-05T15:38:12.179310,0.11979700002484606,0.0,0.0,0.0,37.3,-0.1
230,2025-12-05T15:38:12.185978,0.11724199998752738,0.0,0.0,-0.5999999999999943,36.7,-0.30000000000000004
231,2025-12-05T15:38:12.192542,0.1182230000722484,0.0,0.0,0.0,36.7,0.20000000000000004
232,2025-12-05T15:38:12.199104,0.117315000011331,0.0,0.0,0.0,37.3,0.0
233,2025-12-05T15:38:12.205753,0.11537199998201686,0.0,0.0,-2.1999999999999957,36.7,-0.1
234,2025-12-05T15:38:12.212363,0.1168900000720896,0.0,0.0,1.0999999999999943,37.8,-0.2
235,2025-12-05T15:38:12.218873,0.11777800000345451,0.0,0.0,0.0,36.7,0.0
236,2025-12-05T15:38:12.225463,0.11470399999780057,0.0,0.0,0.0,36.7,-0.2
237,2025-12-05T15:38:12.232051,0.1149639999766805,0.0,0.0,0.5999999999999943,37.3,0.1
238,2025-12-05T15:38:12.238581,0.1163709999900675,0.0,0.0,0.5,37.8,-0.4
239,2025-12-05T15:38:12.245162,0.11542599997937941,0.0,0.0,0.0,37.8,-0.1
240,2025-12-05T15:38:12.251740,0.11709400007475779,0.0,0.0,0.0,36.7,0.1
241,2025-12-05T15:38:12.258356,0.1169260000324357,0.0,0.0,-0.6000000000000014,37.8,0
242,2025-12-05T15:38:12.264955,0.11651900001652393,0.0,0.0,-0.5,37.3,0.1
243,2025-12-05T15:38:12.271521,0.12003799997728493,0.0,0.0,0.0,37.3,0.1
244,2025-12-05T15:38:12.278102,0.11803799998233444,0.0,0.0,0.0,37.3,-0.1
245,2025-12-05T15:38:12.284682,0.11677800000597927,0.0,0.0,0.5,37.8,-0.1
246,2025-12-05T15:38:12.291190,0.11818600000879087,0.0,0.0,-0.5,37.3,0.0
247,2025-12-05T15:38:12.297815,0.11959300002217788,0.0,0.0,0.0,37.8,0.0
248,2025-12-05T15:38:12.304395,0.1158710000481733,0.0,0.0,0.0,36.7,-0.2
249,2025-12-05T15:38:12.310916,0.11901899995336862,0.0,0.0,0.0,37.3,0.2
250,2025-12-05T15:38:12.317492,0.11640800005352503,0.0,0.0,-0.5999999999999943,36.7,0.1
251,2025-12-05T15:38:12.324079,0.11785300000610732,0.0,0.0,0.0,36.7,-0.30000000000000004
252,2025-12-05T15:38:12.331586,0.11724099999810278,0.0,0.0,0.0,37.3,0.30000000000000004
253,2025-12-05T15:38:12.338139,0.11514900006659445,0.0,0.0,0.0,37.3,-0.20000000000000004
254,2025-12-05T15:38:12.344692,0.11763000009068492,0.0,0.0,0.0,37.8,0.4
255,2025-12-05T15:38:12.351248,0.11650099997950747,0.0,0.0,0.0,37.3,0.4
256,2025-12-05T15:38:12.357848,0.11433399993165949,0.0,0.0,0.0,37.3,0.4
257,2025-12-05T15:38:12.364407,0.11677800000597927,0.0,0.0,-0.5999999999999943,36.7,-0.4
258,2025-12-05T15:38:12.370944,0.11781600005633663,0.0,0.0,0.0,37.3,0
259,2025-12-05T15:38:12.377533,0.11651900001652393,0.0,0.0,0.0,37.3,0.30000000000000004
260,2025-12-05T15:38:12.384101,0.11866699992424401,0.0,0.0,0.5999999999999943,37.3,0
261,2025-12-05T15:38:12.390619,0.11840800004847551,0.0,0.0,-1.0999999999999943,36.2,0.10000000000000003
262,2025-12-05T15:38:12.397180,0.11585200002173224,0.0,0.0,0.0,37.3,0.2
263,2025-12-05T15:38:12.403801,0.11740799993731343,0.0,0.0,0.0,37.3,0.0
264,2025-12-05T15:38:12.410375,0.12633400001504924,0.0,0.0,0.6000000000000014,38.4,0.20000000000000004
265,2025-12-05T15:38:12.416994,0.11759300002722739,0.0,0.0,-0.6000000000000014,37.8,-0.1
266,2025-12-05T15:38:12.423541,0.11624100000062754,0.0,0.0,0.0,37.3,0
267,2025-12-05T15:38:12.430070,0.1191119999930379,0.0,0.0,0.5,37.8,0.1
268,2025-12-05T15:38:12.436649,0.11594499994771468,0.0,0.0,-0.5,37.3,0.2
269,2025-12-05T15:38:12.443234,0.11727899993729807,0.0,0.0,0.0,37.3,0.0
270,2025-12-05T15:38:12.449901,0.11829699997178977,0.0,0.0,0.0,37.8,0.1
271,2025-12-05T15:38:12.456561,0.11896399996658147,0.0,0.0,1.0999999999999943,37.8,-0.30000000000000004
272,2025-12-05T15:38:12.463191,0.1196119999349321,0.0,0.46875,-0.5,37.3,-0.2
273,2025-12-05T15:38:12.469839,0.11824099999557802,0.0,0.0,0.0,37.3,0
274,2025-12-05T15:38:12.476532,0.11831599999823084,0.0,0.0,0.0,37.3,-0.2
275,2025-12-05T15:38:12.483136,0.11850100008814479,0.0,0.0,0.5,37.8,-0.1
276,2025-12-05T15:38:12.491815,0.11926000001949433,0.0,0.0,-0.5,37.3,0.2
277,2025-12-05T15:38:12.498647,0.134555999920849,0.0,-0.3125,1.5999999999999943,37.8,-0.1
278,2025-12-05T15:38:12.505539,0.1225940000040282,0.0,0.0,-0.5,37.3,0.2
279,2025-12-05T15:38:12.512434,0.12226000001192006,0.0,0.0,0.0,36.7,-0.1
280,2025-12-05T15:38:12.519214,0.12268600005427288,0.0,0.0,0.0,37.3,0.1
281,2025-12-05T15:38:12.526068,0.12007499992705561,0.0,0.0,1.1000000000000014,38.4,-0.2
282,2025-12-05T15:38:12.532887,0.12194499993256613,0.0,0.0,-1.1000000000000014,37.3,0.2
283,2025-12-05T15:38:12.539770,0.12163099995632365,0.0,0.0,0.0,37.3,-0.09999999999999998
284,2025-12-05T15:38:12.546623,0.16424099999312602,0.0,0.0,0.5,37.8,0
285,2025-12-05T15:38:12.553490,0.12324199997237884,0.0,0.0,-0.5,37.3,0.2
286,2025-12-05T15:38:12.560359,0.12137099997744372,0.0,0.0,0.0,36.7,0.20000000000000004
287,2025-12-05T15:38:12.567239,0.12098199999854842,0.0,0.0,0.0,37.8,0.30000000000000004
288,2025-12-05T15:38:12.574037,0.12235300005158933,0.0,0.0,-0.5,37.3,-0.2
289,2025-12-05T15:38:12.580899,0.12081600004876236,0.0,0.0,0.0,37.3,-0.10000000000000003
290,2025-12-05T15:38:12.587791,0.12055599995619559,0.0,0.0,0.0,37.8,-0.6000000000000001
291,2025-12-05T15:38:12.596355,0.11464800002158881,0.0,0.0,0.0,37.8,0.0
292,2025-12-05T15:38:12.602932,0.1152410000031523,0.0,0.0,-0.5999999999999943,36.7,-0.2
293,2025-12-05T15:38:12.609566,0.11631500001385575,0.0,0.0,0.0,36.7,0.2
294,2025-12-05T15:38:12.616317,0.11957400010942365,0.0,0.0,0.5999999999999943,37.3,0.0
295,2025-12-05T15:38:12.622918,0.11877800000092975,0.0,0.0,0.0,37.3,-0.1
296,2025-12-05T15:38:12.629604,0.11953799992170389,0.0,0.0,0.5999999999999943,37.3,-0.4
297,2025-12-05T15:38:12.636224,0.1176670000404556,0.0,0.0,0.0,37.3,0
298,2025-12-05T15:38:12.642777,0.11951900000894966,0.0,0.0,0.0,36.7,0.4
299,2025-12-05T15:38:12.649348,0.11650099997950747,0.0,0.0,0.0,37.3,-0.2
300,2025-12-05T15:38:12.655927,0.11862999997447332,0.0,0.0,0.0,37.3,0.0
301,2025-12-05T15:38:13.662940,0.13024099996528093,0.0,0.390625,0.0,37.3,0.20000000000000004
302,2025-12-05T15:38:13.669766,0.13063000005786307,0.0,0.0,0.0,37.3,-0.1
303,2025-12-05T15:38:13.676457,0.13068599992038799,0.0,0.0,0.0,37.3,-0.2
304,2025-12-05T15:38:13.683098,0.12820400002055976,0.0,0.0,-0.5999999999999943,36.7,-0.30000000000000004
305,2025-12-05T15:38:13.689876,0.1279079999676469,0.0,0.0,0.0,37.3,-0.2
306,2025-12-05T15:38:13.696575,0.13074200001028657,0.0,0.0,0.0,36.7,0.2
307,2025-12-05T15:38:13.703216,0.12872299998889503,0.0,0.0,0.0,37.3,0.20000000000000004
308,2025-12-05T15:38:13.709890,0.12872299998889503,0.0,0.0,0.0,37.3,0.4
309,2025-12-05T15:38:13.716617,0.12814899992008577,0.0,0.0,0.0,37.3,-0.1
310,2025-12-05T15:38:13.723297,0.13061199990715977,0.0,0.0,0.5999999999999943,37.3,0.30000000000000004
311,2025-12-05T15:38:13.730006,0.13038899999173736,0.0,0.0,0.0,37.3,0.30000000000000004
312,2025-12-05T15:38:13.736714,0.1270569999860527,0.0,0.0,0.0,37.3,0.1
313,2025-12-05T15:38:13.743419,0.12916799994400208,0.0,0.0,0.0,36.7,-0.1
314,2025-12-05T15:38:13.752080,0.11992600002486142,0.0,0.0,0.0,37.3,0
315,2025-12-05T15:38:13.758908,0.1218520000065837,0.0,0.0,0.0,37.3,-0.30000000000000004
316,2025-12-05T15:38:13.765685,0.11652000000594853,0.0,0.0,-1.0999999999999943,36.7,-0.30000000000000004
317,2025-12-05T15:38:13.772576,0.12022299995351204,0.0,0.0,1.0999999999999943,37.8,0.0
318,2025-12-05T15:38:13.779433,0.12303799996971065,0.0,0.0,0.0,36.7,0.0
319,2025-12-05T15:38:13.786246,0.12159300001712836,0.0,0.0,-0.5,36.2,0
320,2025-12-05T15:38:13.793113,0.12251999999079999,0.0,0.0,1.0999999999999943,37.3,-0.30000000000000004
321,2025-12-05T15:38:13.799930,0.123927000004187,0.0,0.0,0.0,36.2,0.1
322,2025-12-05T15:38:13.806757,0.12240800003837649,0.0,0.0,1.6000000000000014,38.9,-0.2
323,2025-12-05T15:38:13.813567,0.12014899994028383,0.0,0.0,-1.6000000000000014,37.3,-0.5
324,2025-12-05T15:38:13.820386,0.12216699997225078,0.0,0.0,0.0,37.3,-0.10000000000000003
325,2025-12-05T15:38:13.827250,0.12161200004356942,0.0,0.0,0.0,36.2,-0.1
326,2025-12-05T15:38:13.834085,0.12003699998786033,0.0,0.0,0.5,37.8,0
327,2025-12-05T15:38:13.840894,0.12350099996183417,0.0,0.0,-1.0999999999999943,36.7,0.20000000000000004
328,2025-12-05T15:38:13.850245,0.1211860000012166,0.0,0.0,0.0,37.3,0.0
329,2025-12-05T15:38:13.856821,0.11435300007178739,0.0,0.0,-1.6999999999999957,35.6,0.30000000000000004
330,2025-12-05T15:38:13.863393,0.11679700003242033,0.0,0.0,0.0,37.3,0.1
331,2025-12-05T15:38:13.869972,0.11600099992392643,0.0,0.0,-1.6999999999999957,36.7,-0.1
332,2025-12-05T15:38:13.876601,0.11411200000566168,0.0,0.0,1.6999999999999957,38.4,-0.1
333,2025-12-05T15:38:13.883170,0.11666799991871812,0.0,0.0,0.0,37.3,0.30000000000000004
334,2025-12-05T15:38:13.889785,0.11835200007226376,0.0,0.0,0.0,37.8,-0.1
335,2025-12-05T15:38:13.896356,0.11629699997683929,0.0,0.0,1.1000000000000014,38.4,0.2
336,2025-12-05T15:38:13.902918,0.11722200008534855,0.0,0.0,-1.1000000000000014,37.3,-0.2
337,2025-12-05T15:38:13.909483,0.11303700000553363,0.0,0.0,0.0,37.3,0.1
338,2025-12-05T15:38:13.916067,0.11848199994801689,0.0,0.0,0.0,37.8,-0.1
339,2025-12-05T15:38:13.922623,0.1172780000615603,0.0,0.0,-0.5,37.3,0.2
340,2025-12-05T15:38:13.929264,0.11733400003777206,0.0,0.0,0.0,37.3,-0.10000000000000003
341,2025-12-05T15:38:13.935917,0.11713100002452848,0.0,0.0,0.0,38.4,-0.20000000000000004
342,2025-12-05T15:38:13.942555,0.11892700001681078,0.0,0.0,0.0,37.3,0.2
343,2025-12-05T15:38:13.949203,0.11624199999005214,0.0,0.0,-0.5,37.3,0.1
344,2025-12-05T15:38:13.955795,0.11940800004595076,0.0,0.0,0.5,37.8,0.1
345,2025-12-05T15:38:13.962387,0.14138899996396503,0.0,0.0,0.0,37.3,0.30000000000000004
346,2025-12-05T15:38:13.969001,0.11564899989480182,0.0,0.0,0.5999999999999943,37.3,0.1
347,2025-12-05T15:38:13.975622,0.11711199999808741,0.0,0.0,0.0,37.3,-0.1
348,2025-12-05T15:38:13.982195,0.11583399998471577,0.0,0.0,0.0,37.3,0.10000000000000003
349,2025-12-05T15:38:13.988765,0.11383399998976529,0.0,0.0,0.0,37.3,0.0
350,2025-12-05T15:38:13.995330,0.1155930000322769,0.0,0.0,0.0,37.3,-0.1
351,2025-12-05T15:38:14.001897,0.11414900006911921,0.0,0.0,0.0,37.3,0.20000000000000004
352,2025-12-05T15:38:14.008546,0.11716699998487456,0.0,0.0,0.0,37.3,0.2
353,2025-12-05T15:38:14.015080,0.11726000002454384,0.0,0.0,0.0,37.8,-0.1
354,2025-12-05T15:38:14.021670,0.11481499996079947,0.0,-0.390625,0.0,37.3,-0.6
355,2025-12-05T15:38:14.028277,0.11729699997431453,0.0,0.0,-0.5999999999999943,36.7,-0.30000000000000004
356,2025-12-05T15:38:14.034830,0.12101900006200594,0.0,0.0,0.5999999999999943,37.3,0.30000000000000004
357,2025-12-05T15:38:14.041387,0.11374099995009601,0.0,0.0,0.0,37.3,0.2
358,2025-12-05T15:38:14.047975,0.11390799988930667,0.0,0.0,0.0,37.3,0.1
359,2025-12-05T15:38:14.054552,0.11549999999260763,0.0,0.0,0.0,37.3,-0.4
360,2025-12-05T15:38:14.061161,0.11526000002959336,0.0,0.0,0.0,36.7,0.0
361,2025-12-05T15:38:14.067805,0.11716799997429916,0.0,0.0,0.0,37.8,-0.2
362,2025-12-05T15:38:14.074321,0.11829699997178977,0.0,0.0,-0.5,37.3,-0.2
363,2025-12-05T15:38:14.080920,0.11590799999794399,0.0,0.0,-0.5999999999999943,36.7,0.2
364,2025-12-05T15:38:14.087487,0.11661200005619321,0.0,0.0,0.0,37.8,-0.10000000000000003
365,2025-12-05T15:38:14.094105,0.116482999942491,0.0,0.0,0.0,37.8,0
366,2025-12-05T15:38:14.100668,0.11618600001384038,0.0,0.0,0.5,37.8,0.0
367,2025-12-05T15:38:14.107256,0.11642699996627925,0.0,0.0,0.0,37.8,0.4
368,2025-12-05T15:38:14.113854,0.11709299997164635,0.0,0.0,0.0,37.3,0.0
369,2025-12-05T15:38:14.120442,0.11800099991887691,0.0,0.0,0.0,38.4,-0.2
370,2025-12-05T15:38:14.126975,0.11927799994282395,0.0,0.0,0.0,37.3,0.20000000000000004
371,2025-12-05T15:38:14.133566,0.11500099992645119,0.0,0.0,0.0,37.3,0.20000000000000004
372,2025-12-05T15:38:14.140177,0.117168000087986,0.0,0.0,0.0,37.3,-0.1
373,2025-12-05T15:38:14.146757,0.11679699991873349,0.0,0.0,0.0,37.3,-0.20000000000000004
374,2025-12-05T15:38:14.153325,0.11690799999541923,0.0,0.0,0.0,37.3,0.0
375,2025-12-05T15:38:14.159956,0.11709300008533319,0.0,0.0,0.0,37.3,0.20000000000000004
376,2025-12-05T15:38:14.166519,0.14683500000955974,0.0,0.0,0.0,37.3,-0.2
377,2025-12-05T15:38:14.173041,0.11437099999511702,0.0,0.0,0.0,37.8,0.1
378,2025-12-05T15:38:14.179627,0.11527799995292298,0.0,0.0,0.0,37.8,0.0
379,2025-12-05T15:38:14.186208,0.12092700001176127,0.0,0.0,-0.5,37.3,-0.20000000000000004
380,2025-12-05T15:38:14.192797,0.11681500006943679,0.0,0.0,0.0,38.4,0.1
381,2025-12-05T15:38:14.199343,0.11609300008785794,0.0,0.0,0.0,37.8,0.10000000000000003
382,2025-12-05T15:38:14.205899,0.11605600002440042,0.0,0.0,-0.5,37.3,0.1
383,2025-12-05T15:38:14.212526,0.11518600001636514,0.0,0.0,0.0,37.3,-0.1
384,2025-12-05T15:38:14.219072,0.11811199999556266,0.0,0.0,0.0,37.3,0.1
385,2025-12-05T15:38:14.225664,0.11609299997417111,0.0,0.0,0.5,37.8,0.1
386,2025-12-05T15:38:14.232234,0.1166490000059639,0.0,0.0,-0.5,37.3,-0.1
387,2025-12-05T15:38:14.238779,0.11603699999795936,0.0,0.0,0.0,37.3,0.1
388,2025-12-05T15:38:14.245318,0.11520399993969477,0.0,0.0,0.0,37.8,-0.1
389,2025-12-05T15:38:14.251936,0.11635299995305104,0.0,0.0,0.0,37.3,-0.1
390,2025-12-05T15:38:14.258452,0.12420500002008339,0.0,0.0,0.5,37.8,0.1
391,2025-12-05T15:38:14.265095,0.11505700001634978,0.0,0.0,0.0,37.8,-0.4
392,2025-12-05T15:38:14.271728,0.1165370000535404,0.0,0.0,0.0,37.3,0.2
393,2025-12-05T15:38:14.278298,0.1159820000111722,0.0,0.0,0.0,37.3,0
394,2025-12-05T15:38:14.284815,0.11527800006660982,0.0,0.0,0.0,37.3,-0.30000000000000004
395,2025-12-05T15:38:14.291370,0.11746299992410059,0.0,0.0,0.0,37.8,-0.1
396,2025-12-05T15:38:14.297933,0.11544500000582048,0.0,0.0,0.0,37.3,-0.20000000000000004
397,2025-12-05T15:38:14.304592,0.11512999992646655,0.0,0.0,0.0,37.3,-0.1
398,2025-12-05T15:38:14.311147,0.11624199999005214,0.0,0.0,0.0,37.3,0.20000000000000004
399,2025-12-05T15:38:14.317785,0.11644500000329572,0.0,0.0,0.0,37.3,-0.1
400,2025-12-05T15:38:14.324342,0.1170379999848592,0.0,0.0,0.0,37.8,-0.1
401,2025-12-05T15:38:15.331276,0.12963100004981243,0.0,0.0,0.0,37.3,0.0
402,2025-12-05T15:38:15.338002,0.1270559999966281,0.0,0.0,0.0,37.3,0.1
403,2025-12-05T15:38:15.344713,0.1262229999383635,0.0,0.0,0.0,36.7,-0.5
404,2025-12-05T15:38:15.351363,0.13027799991505162,0.0,0.0,0.0,36.7,-0.4
405,2025-12-05T15:38:15.358080,0.12777900008131837,0.0,0.0,0.5999999999999943,37.3,0
406,2025-12-05T15:38:15.364707,0.1276860000416491,0.0,0.0,0.0,37.3,-0.2
407,2025-12-05T15:38:15.373365,0.12244499998814717,0.0,0.0,1.0999999999999943,37.3,0.0
408,2025-12-05T15:38:15.380216,0.12138900001446018,0.0,0.0,0.0,37.3,-0.30000000000000004
409,2025-12-05T15:38:15.387026,0.1218529999960083,0.0,0.0,0.0,37.3,-0.1
410,2025-12-05T15:38:15.393892,0.12155700005678227,0.0,0.390625,0.0,37.3,-0.2
411,2025-12-05T15:38:15.400686,0.12177899998278008,0.0,0.0,0.0,37.3,-0.2
412,2025-12-05T15:38:15.407486,0.12229699996169074,0.0,0.0,0.0,37.8,-0.2
413,2025-12-05T15:38:15.414341,0.12126000001444481,0.0,0.0,-0.5999999999999943,36.7,-0.30000000000000004
414,2025-12-05T15:38:15.421170,0.11964899999838963,0.0,0.0,0.5999999999999943,37.3,0.2
415,2025-12-05T15:38:15.429051,0.12177899998278008,0.0,0.0,-0.5,37.3,0.30000000000000004
416,2025-12-05T15:38:15.435890,0.12362999996184953,0.0,0.0,0.0,37.3,0.20000000000000004
417,2025-12-05T15:38:15.442694,0.12218599999869184,0.0,0.0,-0.5999999999999943,36.7,0.0
418,2025-12-05T15:38:15.449598,0.12305600000672712,0.0,0.0,0.0,36.7,-0.2
419,2025-12-05T15:38:15.456404,0.12151900000390015,0.0,0.0,-1.0999999999999943,36.7,0
420,2025-12-05T15:38:15.463254,0.12137099997744372,0.0,0.0,0.5999999999999943,37.3,0.0
421,2025-12-05T15:38:15.471957,0.1178159999426498,0.0,0.0,-0.5,37.3,-0.2
422,2025-12-05T15:38:15.478537,0.1172790000509849,0.0,0.0,0.0,37.3,0.5
423,2025-12-05T15:38:15.485184,0.11557499999526044,0.0,0.0,0.0,36.7,0.1
424,2025-12-05T15:38:15.491791,0.1177039999902263,0.0,0.0,-0.5999999999999943,36.7,0.0
425,2025-12-05T15:38:15.498387,0.11529699997936405,0.0,0.0,0.5999999999999943,37.3,0.30000000000000004
426,2025-12-05T15:38:15.504999,0.11609300008785794,0.0,0.0,-0.5999999999999943,36.7,-0.20000000000000004
427,2025-12-05T15:38:15.511565,0.1155930000322769,0.0,0.0,0.0,37.3,0.30000000000000004
428,2025-12-05T15:38:15.518158,0.11839000001145905,0.0,0.0,0.5,37.8,0
429,2025-12-05T15:38:15.524755,0.11787100004312379,0.0,0.0,0.0,37.8,0.0
430,2025-12-05T15:38:15.531296,0.11601999995036749,0.0,0.0,-0.5,37.3,-0.1
431,2025-12-05T15:38:15.537887,0.11561199994503113,0.0,0.0,0.0,38.9,0.1
432,2025-12-05T15:38:15.544456,0.11583399998471577,0.0,0.0,-0.5999999999999943,36.7,-0.1
433,2025-12-05T15:38:15.551066,0.114796999923783,0.0,0.0,1.0999999999999943,37.8,-0.1
434,2025-12-05T15:38:15.557671,0.11846399991100043,0.0,0.0,0.0,37.8,-0.30000000000000004
435,2025-12-05T15:38:15.564240,0.11546300004283694,0.0,0.0,0.0,36.2,0.4
436,2025-12-05T15:38:15.570757,0.11824199998500262,0.0,0.0,-0.5,37.3,-0.1
437,2025-12-05T15:38:15.577322,0.11431600000832987,0.0,0.0,-0.5999999999999943,36.7,-0.1
438,2025-12-05T15:38:15.583956,0.11505700001634978,0.0,0.0,1.0999999999999943,37.8,0
439,2025-12-05T15:38:15.590521,0.11779700002989557,0.0,0.0,0.0,37.3,0.2
440,2025-12-05T15:38:15.597123,0.11688899996897817,0.0,0.0,0.0,37.3,0.30000000000000004
441,2025-12-05T15:38:15.603721,0.11959300002217788,0.0,0.0,0.0,37.3,-0.30000000000000004
442,2025-12-05T15:38:15.610315,0.11820500003523193,0.0,0.0,0.0,36.7,0.1
443,2025-12-05T15:38:15.617057,0.1163709999900675,0.0,0.0,0.0,37.3,0.2
444,2025-12-05T15:38:15.623692,0.11851900001147442,0.0,0.0,-1.0999999999999943,36.2,0.2
445,2025-12-05T15:38:15.630354,0.11670499998217565,0.0,0.0,1.0999999999999943,37.3,0.1
446,2025-12-05T15:38:15.636962,0.11883400009082834,0.0,0.0,0.0,37.8,-0.2
447,2025-12-05T15:38:15.643578,0.11764900000343914,0.0,0.0,0.0,37.3,-0.1
448,2025-12-05T15:38:15.650132,0.1159820000111722,0.0,0.0,-0.5999999999999943,36.7,-0.30000000000000004
449,2025-12-05T15:38:15.656651,0.11683399998219102,0.0,0.0,0.5999999999999943,37.3,-0.1
450,2025-12-05T15:38:15.663240,0.11540799994236295,0.0,0.0,0.0,37.3,-0.30000000000000004
451,2025-12-05T15:38:15.669914,0.11694500005887676,0.0,0.0,0.0,37.8,0.1
452,2025-12-05T15:38:15.676597,0.11561199994503113,0.0,0.0,-1.0999999999999943,36.7,-0.4
453,2025-12-05T15:38:15.683602,0.12046400001963775,0.0,0.0,0.0,36.7,-0.10000000000000003
454,2025-12-05T15:38:15.690293,0.11622299996361107,0.0,0.0,0.0,37.3,0.5
455,2025-12-05T15:38:15.697172,0.11903699999038508,0.0,0.0,0.5999999999999943,37.3,-0.2
456,2025-12-05T15:38:15.703810,0.1216859999431108,0.0,0.0,0.5,37.8,0.0
457,2025-12-05T15:38:15.710362,0.11696399997163098,0.0,0.0,0.0,37.3,0.0
458,2025-12-05T15:38:15.716975,0.11798200000612269,0.0,0.0,0.0,37.3,-0.1
459,2025-12-05T15:38:15.723554,0.11403700000300887,0.0,0.0,0.0,37.3,-0.30000000000000004
460,2025-12-05T15:38:15.730162,0.11596299998473114,0.0,0.0,0.5,37.8,0.0
461,2025-12-05T15:38:15.736774,0.11892700001681078,0.0,0.0,0.0,37.3,-0.2
462,2025-12-05T15:38:15.743392,0.1170369999954346,0.0,0.0,0.5999999999999943,37.3,0.20000000000000004
463,2025-12-05T15:38:15.749989,0.11633399992660998,0.0,0.0,0.0,37.3,0.30000000000000004
464,2025-12-05T15:38:15.756629,0.11498199990001012,0.0,0.0,0.0,37.3,0.2
465,2025-12-05T15:38:15.763181,0.11631600000328035,0.0,0.0,0.0,37.3,-0.1
466,2025-12-05T15:38:15.769752,0.11720400004833209,0.0,0.0,1.0999999999999943,37.8,0.0
467,2025-12-05T15:38:15.776352,0.11840799993478868,0.0,0.0,0.0,37.8,0.2
468,2025-12-05T15:38:15.782928,0.11575999997148756,0.0,0.0,-0.5,37.3,-0.2
469,2025-12-05T15:38:15.789526,0.11272300002929114,0.0,0.0,0.0,37.3,0.4
470,2025-12-05T15:38:15.796074,0.11463099997399695,0.0,0.0,-0.5,37.3,0.1
471,2025-12-05T15:38:15.802631,0.11570399999527581,0.0,0.0,0.0,37.3,0.2
472,2025-12-05T15:38:15.809263,0.11589000007461436,0.0,0.0,0.0,37.3,-0.1
473,2025-12-05T15:38:15.815918,0.11631500001385575,0.0,0.0,0.0,37.8,-0.30000000000000004
474,2025-12-05T15:38:15.822518,0.12996399993880914,0.0,0.0,-0.5999999999999943,36.7,0.30000000000000004
475,2025-12-05T15:38:15.829151,0.11763100008010952,0.0,0.0,1.0999999999999943,37.8,-0.2
476,2025-12-05T15:38:15.835796,0.11618500002441579,0.0,0.0,0.0,37.3,0.30000000000000004
477,2025-12-05T15:38:15.842383,0.11607500005084148,0.0,0.0,0.0,37.8,-0.1
478,2025-12-05T15:38:15.848957,0.11624100000062754,0.0,0.0,0.0,37.3,0.0
479,2025-12-05T15:38:15.855542,0.11407499994220416,0.0,0.0,0.0,37.3,0.1
480,2025-12-05T15:38:15.862065,0.11268599996583362,0.0,0.0,0.0,37.8,-0.1
481,2025-12-05T15:38:15.869361,0.11624100000062754,0.0,0.0,0.0,37.8,0.2
482,2025-12-05T15:38:15.876238,0.12162999996689905,0.0,0.0,-0.5,37.3,-0.1
483,2025-12-05T15:38:15.883060,0.12163100007001049,0.0,0.0,0.0,38.4,0.0
484,2025-12-05T15:38:15.889971,0.12112999991131801,0.0,0.0,0.0,37.3,0.5
485,2025-12-05T15:38:15.896839,0.12131500000123197,0.0,0.0,0.5,37.8,0.20000000000000004
486,2025-12-05T15:38:15.903756,0.12164899999334011,0.0,0.0,0.0,37.3,0.2
487,2025-12-05T15:38:15.910598,0.1350380000531004,0.0,0.0,-0.5,37.3,-0.2
488,2025-12-05T15:38:15.917431,0.12246300002516364,0.0,0.0,0.5,37.8,-0.2
489,2025-12-05T15:38:15.924279,0.1209079999853202,0.0,0.0,-0.5,37.3,-0.30000000000000004
490,2025-12-05T15:38:15.931063,0.12368500006232352,0.0,0.0,0.0,37.3,-0.1
491,2025-12-05T15:38:15.937910,0.11848200006170373,0.0,0.0,0.5,37.8,-0.2
492,2025-12-05T15:38:15.944703,0.12148199994044262,0.0,0.0,-0.5,37.3,0.0
493,2025-12-05T15:38:15.951509,0.12188999994577898,0.0,0.0,0.0,37.3,-0.1
494,2025-12-05T15:38:15.958340,0.1198899999508285,0.0,0.0,0.5,37.8,-0.4
495,2025-12-05T15:38:15.965165,0.12046400001963775,0.0,0.0,-0.5,37.3,-0.10000000000000003
496,2025-12-05T15:38:15.975055,0.11594500006140152,0.0,0.0,0.0,37.3,0.2
497,2025-12-05T15:38:15.981585,0.1132789999473971,0.0,0.0,0.5,37.8,0.0
498,2025-12-05T15:38:15.988162,0.11788899996645341,0.0,0.0,0.0,37.3,0.1
499,2025-12-05T15:38:15.994707,0.11431500001890527,0.0,0.0,0.0,37.3,-0.30000000000000004
500,2025-12-05T15:38:16.001333,0.11448200007180276,0.0,0.0,0.0,37.3,0.30000000000000004
501,2025-12-05T15:38:17.008469,0.13016700006573956,0.0,0.0,0.0,36.2,-0.10000000000000003
502,2025-12-05T15:38:17.015235,0.1290379999545621,0.0,0.0,-1.0999999999999943,36.2,0.2
503,2025-12-05T15:38:17.021913,0.12772299999141978,0.0,0.0,1.0999999999999943,37.3,0.2
504,2025-12-05T15:38:17.028581,0.12918499999159394,0.0,0.0,-0.5999999999999943,36.7,-0.1
505,2025-12-05T15:38:17.035224,0.12694500003362919,0.0,0.0,0.0,37.3,0.0
506,2025-12-05T15:38:17.041993,0.12555600005725864,0.0,0.0,0.5999999999999943,37.3,0.0
507,2025-12-05T15:38:17.050419,0.12566800000968215,0.0,0.0,-0.5999999999999943,36.7,-0.1
508,2025-12-05T15:38:17.057279,0.12000100002751424,0.0,0.0,-0.5,37.3,0.0
509,2025-12-05T15:38:17.064116,0.12137100009113055,0.0,0.0,0.0,37.3,-0.2
510,2025-12-05T15:38:17.070852,0.11852000000089902,0.0,0.0,0.0,37.8,0
511,2025-12-05T15:38:17.077700,0.11642699996627925,0.0,0.0,-0.5999999999999943,36.7,0.0
512,2025-12-05T15:38:17.084590,0.1201310000169542,0.0,0.0,1.0999999999999943,37.8,0
513,2025-12-05T15:38:17.091393,0.12183400008325407,0.0,0.0,-0.5,37.3,0.1
514,2025-12-05T15:38:17.098199,0.11718600001131563,0.0,0.0,0.0,37.3,-0.2
515,2025-12-05T15:38:17.105094,0.12066800002230593,0.0,0.0,0.5999999999999943,37.3,-0.1
516,2025-12-05T15:38:17.111888,0.12011199999051314,0.0,0.0,-0.5999999999999943,36.7,0.0
517,2025-12-05T15:38:17.118689,0.11537099999259226,0.0,0.0,0.0,36.7,-0.2
518,2025-12-05T15:38:17.125635,0.1231299999062685,0.0,0.0,-0.5999999999999943,36.7,0.2
519,2025-12-05T15:38:17.132505,0.12300100001993997,0.0,0.0,0.5999999999999943,37.3,0.2
520,2025-12-05T15:38:17.139288,0.12361200003851991,0.0,0.0,0.0,37.3,0
521,2025-12-05T15:38:17.146036,0.11652000000594853,0.0,0.0,-0.5,37.3,-0.10000000000000003
522,2025-12-05T15:38:17.152834,0.11926000001949433,0.0,0.0,-0.5999999999999943,36.7,0
523,2025-12-05T15:38:17.159656,0.119777999998405,0.0,0.0,0.0,37.3,-0.30000000000000004
524,2025-12-05T15:38:17.166518,0.11990799998784496,0.0,0.0,0.0,37.8,-0.1
525,2025-12-05T15:38:17.173398,0.12174100004358479,0.0,0.0,-0.5999999999999943,36.7,0.1
526,2025-12-05T15:38:17.180277,0.12083399997209199,0.0,0.0,0.5999999999999943,37.3,0.0
527,2025-12-05T15:38:17.187077,0.12096300008579419,0.0,0.0,0.0,37.3,-0.20000000000000004
528,2025-12-05T15:38:17.193891,0.12183399996956723,0.0,0.0,0.0,37.3,-0.2
529,2025-12-05T15:38:17.200714,0.11864900000091438,0.0,0.0,0.0,37.3,0.0
530,2025-12-05T15:38:17.207551,0.12394499992751662,0.0,0.0,0.0,36.7,0.2
531,2025-12-05T15:38:17.214463,0.12144599998009653,0.0,0.0,-1.6000000000000014,37.3,-0.2
532,2025-12-05T15:38:17.221346,0.12174100004358479,0.0,0.0,-0.5999999999999943,36.7,0.0
533,2025-12-05T15:38:17.228194,0.12044499999319669,0.0,0.0,0.0,37.8,0.0
534,2025-12-05T15:38:17.234998,0.12105600001177663,0.0,0.0,-0.5999999999999943,36.7,-0.2
535,2025-12-05T15:38:17.241795,0.12205600000925187,0.0,0.0,0.5999999999999943,37.3,-0.1
536,2025-12-05T15:38:17.250431,0.12398199999097415,0.0,0.0,0.5999999999999943,37.3,-0.30000000000000004
537,2025-12-05T15:38:17.256982,0.1169270000218603,0.0,0.0,0.0,37.3,-0.30000000000000004
538,2025-12-05T15:38:17.263534,0.11561199994503113,0.0,0.0,0.5,37.8,0.0
539,2025-12-05T15:38:17.270093,0.11539000001903332,0.0,0.0,0.0,36.2,-0.2
540,2025-12-05T15:38:17.276681,0.1182039999321205,0.0,0.0,0.0,37.3,-0.1
541,2025-12-05T15:38:17.283237,0.1169260000324357,0.0,0.0,0.5,37.8,0.2
542,2025-12-05T15:38:17.289828,0.1150940000798073,0.0,0.0,-1.0999999999999943,36.7,-0.2
543,2025-12-05T15:38:17.296403,0.11670499998217565,0.0,0.0,0.0,37.3,-0.20000000000000004
544,2025-12-05T15:38:17.302914,0.11737099998754275,0.0,0.0,0.0,37.3,-0.30000000000000004
545,2025-12-05T15:38:17.309444,0.11179700004504411,0.0,0.0,0.0,37.3,0.0
546,2025-12-05T15:38:17.316029,0.1140740000664664,0.0,0.0,0.0,37.3,-0.20000000000000004
547,2025-12-05T15:38:17.322577,0.11613100002705323,0.0,0.0,0.0,37.3,0.0
548,2025-12-05T15:38:17.329215,0.11716699998487456,0.0,0.0,1.0999999999999943,37.8,-0.2
549,2025-12-05T15:38:17.335789,0.1162600000270686,0.0,0.0,-0.5,37.3,0.1
550,2025-12-05T15:38:17.342365,0.11679699991873349,0.0,0.0,0.5,37.8,0.1
551,2025-12-05T15:38:17.349010,0.11551900001904869,0.0,0.0,0.0,37.3,0.1
552,2025-12-05T15:38:17.355634,0.11620400005085685,0.0,0.0,1.0999999999999943,37.8,-0.1
553,2025-12-05T15:38:17.362146,0.11451900002157345,0.0,0.0,0.0,37.8,-0.6000000000000001
554,2025-12-05T15:38:17.368689,0.11757400000078633,0.0,0.0,-0.5,37.3,0.1
555,2025-12-05T15:38:17.375236,0.11550099998203223,0.0,-0.390625,0.0,37.8,0.0
556,2025-12-05T15:38:17.381896,0.11433399993165949,0.0,0.0,0.0,37.3,0.0
557,2025-12-05T15:38:17.388465,0.11929700008295185,0.0,0.0,1.6000000000000014,38.9,0.20000000000000004
558,2025-12-05T15:38:17.394941,0.11737100010122958,0.0,0.0,0.0,37.3,0.30000000000000004
559,2025-12-05T15:38:17.401576,0.1149639999766805,0.0,0.0,0.0,36.7,-0.30000000000000004
560,2025-12-05T15:38:17.408098,0.1166490000059639,0.0,0.0,1.0999999999999943,37.8,0.1
561,2025-12-05T15:38:17.414666,0.11820400004580733,0.0,0.0,-0.5,37.3,-0.1
562,2025-12-05T15:38:17.421287,0.11868599995068507,0.0,0.0,0.0,38.4,0.0
563,2025-12-05T15:38:17.427919,0.1170369999954346,0.0,0.0,0.0,37.3,0.0
564,2025-12-05T15:38:17.434563,0.1178159999426498,0.0,0.0,0.5,37.8,0.0
565,2025-12-05T15:38:17.441262,0.11577899999792862,0.0,0.0,0.0,37.8,0.2
566,2025-12-05T15:38:17.447937,0.11870399998770154,0.0,0.0,0.0,37.3,-0.20000000000000004
567,2025-12-05T15:38:17.454549,0.15027899996766791,0.0,0.0,-0.5,37.3,-0.30000000000000004
568,2025-12-05T15:38:17.461135,0.11696299998220638,0.0,0.0,0.0,37.3,-0.1
569,2025-12-05T15:38:17.467712,0.11655699995571922,0.0,0.0,-0.5999999999999943,36.7,0.1
570,2025-12-05T15:38:17.474259,0.11696299998220638,0.0,0.0,0.0,36.7,-0.1
571,2025-12-05T15:38:17.481833,0.11400099992897594,0.0,0.0,-0.5,37.3,-0.1
572,2025-12-05T15:38:17.488479,0.11640799993983819,0.0,-0.078125,0.5,37.8,0.1
573,2025-12-05T15:38:17.494973,0.11270400000285008,0.0,0.0,0.0,37.8,0.4
574,2025-12-05T15:38:17.501554,0.1135190000240982,0.0,0.0,0.0,37.3,0.2
575,2025-12-05T15:38:17.508121,0.11448200007180276,0.0,0.0,-0.5,37.3,0.20000000000000004
576,2025-12-05T15:38:17.514649,0.11683400009587785,0.0,0.0,0.0,37.3,-0.1
577,2025-12-05T15:38:17.521270,0.11427800006913458,0.0,0.390625,0.0,37.8,-0.1
578,2025-12-05T15:38:17.527814,0.11655600007998146,0.0,0.0,0.0,37.8,0.2
579,2025-12-05T15:38:17.534365,0.11513000004015339,0.0,0.0,-0.5,37.3,-0.1
580,2025-12-05T15:38:17.540903,0.11599999993450183,0.0,0.0,0.5,37.8,0.0
581,2025-12-05T15:38:17.547599,0.11407499994220416,0.0,0.0,0.0,37.8,-0.2
582,2025-12-05T15:38:17.554243,0.11657499999273568,0.0,0.0,0.5999999999999943,37.3,0
583,2025-12-05T15:38:17.560797,0.11779699991620873,0.0,0.0,0.0,37.3,-0.4
584,2025-12-05T15:38:17.567362,0.11881499995070044,0.0,0.0,0.0,37.3,0.0
585,2025-12-05T15:38:17.573928,0.11561199994503113,0.0,0.0,0.0,38.4,0.10000000000000003
586,2025-12-05T15:38:17.580538,0.11474100006125809,0.0,0.0,0.5,37.8,0
587,2025-12-05T15:38:17.587101,0.11666699992929352,0.0,0.0,-0.5,37.3,0.10000000000000003
588,2025-12-05T15:38:17.593741,0.11740800005100027,0.0,0.0,0.5,37.8,0.20000000000000004
589,2025-12-05T15:38:17.600291,0.11544499989213364,0.0,0.0,0.0,37.3,-0.2
590,2025-12-05T15:38:17.606858,0.1162600000270686,0.0,0.0,0.0,37.3,-0.1
591,2025-12-05T15:38:17.613719,0.11433399993165949,0.0,0.0,0.5,37.8,-0.2
592,2025-12-05T15:38:17.620426,0.11827799994534871,0.0,0.0,0.0,37.3,-0.2
593,2025-12-05T15:38:17.626988,0.11892700001681078,0.0,0.0,0.0,37.3,0.4
594,2025-12-05T15:38:17.633625,0.11631600000328035,0.0,0.0,0.5999999999999943,37.3,0.4
595,2025-12-05T15:38:17.640194,0.11483399998724053,0.0,0.0,0.5,37.8,0.2
596,2025-12-05T15:38:17.646734,0.11746299992410059,0.0,-0.390625,0.0,37.8,0.1
597,2025-12-05T15:38:17.653297,0.10961200007386651,0.0,0.0,0.0,36.7,-0.2
598,2025-12-05T15:38:17.659889,0.11579700003494509,0.0,0.0,0.5,37.8,-0.1
599,2025-12-05T15:38:17.666385,0.12207500003569294,0.0,0.0,-0.5,37.3,-0.20000000000000004
600,2025-12-05T15:38:17.672920,0.11489000007713912,0.0,0.0,0.0,37.3,0.2
601,2025-12-05T15:38:18.679932,0.12968600003659958,0.0,0.0,0.0,36.7,0.0
602,2025-12-05T15:38:18.686507,0.1337420000027123,0.0,0.0,0.5999999999999943,37.3,-0.4
603,2025-12-05T15:38:18.693246,0.12529699995411647,0.0,0.0,0.0,37.3,0.0
604,2025-12-05T15:38:18.699977,0.12944499997047387,0.0,0.0,0.0,37.3,0.30000000000000004
605,2025-12-05T15:38:18.706578,0.13027800002873846,0.0,0.0,0.5999999999999943,37.3,0.0
606,2025-12-05T15:38:18.713277,0.125334000017574,0.0,0.0,0.0,37.3,-0.30000000000000004
607,2025-12-05T15:38:18.719960,0.12696400006007025,0.0,0.0,0.0,38.4,-0.2
608,2025-12-05T15:38:18.729799,0.12914900003124785,0.0,0.0,0.0,36.7,0.1
609,2025-12-05T15:38:18.736618,0.12122300006467412,0.0,0.0,0.0,37.3,-0.20000000000000004
610,2025-12-05T15:38:18.743436,0.12174100004358479,0.0,0.0,-0.5999999999999943,36.7,0.1
611,2025-12-05T15:38:18.750222,0.12068599994563556,0.0,0.0,1.6999999999999957,38.4,0.0
612,2025-12-05T15:38:18.757089,0.12174100004358479,0.0,0.0,0.0,37.3,0.2
613,2025-12-05T15:38:18.763909,0.11985200001163321,0.0,0.0,0.5,37.8,0.2
614,2025-12-05T15:38:18.770678,0.1223519999484779,0.0,0.0,-0.5,37.3,0.30000000000000004
615,2025-12-05T15:38:18.777544,0.11955599995872035,0.0,0.0,0.0,37.3,0.2
616,2025-12-05T15:38:18.784383,0.11985200001163321,0.0,0.0,0.5999999999999943,37.3,0.1
617,2025-12-05T15:38:18.791181,0.12038900001698494,0.0,0.0,0.0,37.3,0.1
618,2025-12-05T15:38:18.798095,0.12137099997744372,0.0,0.0,0.0,38.4,-0.1
619,2025-12-05T15:38:18.804976,0.12114899993775907,0.0,0.0,0.5,37.8,0.1
620,2025-12-05T15:38:18.811793,0.12335300004906458,0.0,0.0,0.6000000000000014,38.4,-0.1
621,2025-12-05T15:38:18.818623,0.14416799990613072,0.0,0.0,-0.6000000000000014,37.8,-0.1
622,2025-12-05T15:38:18.825439,0.12063000008311064,0.0,0.0,0.0,37.3,0.30000000000000004
623,2025-12-05T15:38:18.832810,0.11589000007461436,0.0,0.0,1.0999999999999943,37.8,-0.1
624,2025-12-05T15:38:18.839364,0.11818600000879087,0.0,0.0,-0.5,37.3,0.20000000000000004
625,2025-12-05T15:38:18.845920,0.11607400006141688,0.0,0.0,0.0,37.3,0.0
626,2025-12-05T15:38:18.852513,0.11724199998752738,0.0,0.0,0.0,37.3,-0.1
627,2025-12-05T15:38:18.859109,0.11570399999527581,0.0,0.0,0.5,37.8,0.2
628,2025-12-05T15:38:18.865689,0.11759400001665199,0.0,0.0,-0.5,37.3,0.1
629,2025-12-05T15:38:18.872266,0.11635199996362644,0.0,0.0,0.0,37.3,-0.30000000000000004
630,2025-12-05T15:38:18.878812,0.11755599996376986,0.0,0.0,-0.5999999999999943,36.7,-0.2
631,2025-12-05T15:38:18.885355,0.11505600002692518,0.0,0.0,0.5999999999999943,37.3,0.30000000000000004
632,2025-12-05T15:38:18.891940,0.11594600005082611,0.0,0.0,0.0,37.3,0.30000000000000004
633,2025-12-05T15:38:18.898464,0.12761199991473404,0.0,0.0,0.0,37.3,-0.1
634,2025-12-05T15:38:18.905058,0.11568599995825934,0.0,0.0,0.6000000000000014,38.4,0.1
635,2025-12-05T15:38:18.911648,0.11500100004013802,0.0,0.0,-1.1000000000000014,37.3,0.10000000000000003
636,2025-12-05T15:38:18.918209,0.11553799993180291,0.0,0.0,0.0,37.3,0.0
637,2025-12-05T15:38:18.924818,0.11726000002454384,0.0,0.0,0.0,36.7,0.0
638,2025-12-05T15:38:18.931379,0.11892700001681078,0.0,0.0,-0.5999999999999943,36.7,-0.4
639,2025-12-05T15:38:18.937957,0.11614799996095826,0.0,0.0,0.5999999999999943,37.3,0.0
640,2025-12-05T15:38:18.944529,0.11679700003242033,0.0,0.0,0.0,37.3,-0.1
641,2025-12-05T15:38:18.951134,0.1174269999637545,0.0,0.0,0.0,36.7,0.10000000000000003
642,2025-12-05T15:38:18.957789,0.11677800000597927,0.0,0.0,0.5,37.8,-0.1
643,2025-12-05T15:38:18.964377,0.11750099997698271,0.0,0.0,0.0,37.8,-0.1
644,2025-12-05T15:38:18.970931,0.1176479999003277,0.0,0.0,0.0,37.3,0.1
645,2025-12-05T15:38:18.977494,0.11866799991366861,0.0,0.390625,0.0,37.3,0.4
646,2025-12-05T15:38:18.984037,0.11755599996376986,0.0,0.0,0.0,37.3,0
647,2025-12-05T15:38:18.990596,0.11694500005887676,0.0,0.0,0.5,37.8,0.1
648,2025-12-05T15:38:18.997203,0.11700100003508851,0.0,0.0,0.0,36.7,0.1
649,2025-12-05T15:38:19.003802,0.11672299990550528,0.0,0.0,0.0,37.3,-0.1
650,2025-12-05T15:38:19.010382,0.11759299991354055,0.0,0.0,0.0,37.3,0.1
651,2025-12-05T15:38:19.016968,0.11840800004847551,0.0,0.0,-0.5999999999999943,36.7,0.1
652,2025-12-05T15:38:19.023541,0.11666700004298036,0.0,0.0,0.0,38.4,-0.1
653,2025-12-05T15:38:19.030064,0.11661200005619321,0.0,0.0,0.0,37.8,0.1
654,2025-12-05T15:38:19.036670,0.11748200006422849,0.0,0.0,-0.5,37.3,0.2
655,2025-12-05T15:38:19.043239,0.11724199998752738,0.0,0.0,0.0,37.3,-0.30000000000000004
656,2025-12-05T15:38:19.049842,0.11655600007998146,0.0,0.0,0.0,37.3,0.2
657,2025-12-05T15:38:19.056425,0.11640799993983819,0.0,0.0,0.0,37.3,-0.2
658,2025-12-05T15:38:19.062957,0.11750099997698271,0.0,0.0,0.0,37.3,-0.4
659,2025-12-05T15:38:19.069510,0.11640800005352503,0.0,0.0,0.5,37.8,-0.10000000000000003
660,2025-12-05T15:38:19.076068,0.11575999997148756,0.0,0.0,0.0,37.3,0.0
661,2025-12-05T15:38:19.082624,0.11807499993210513,0.0,0.0,0.0,37.3,-0.1
662,2025-12-05T15:38:19.089220,0.11868600006437191,0.0,0.0,0.5,37.8,0.1
663,2025-12-05T15:38:19.095795,0.11705599990818882,0.0,0.0,-0.5,37.3,0.1
664,2025-12-05T15:38:19.102455,0.20124200000282144,0.0,0.0,0.0,37.3,-0.1
665,2025-12-05T15:38:19.109037,0.11707499993462989,0.0,0.0,-1.0999999999999943,36.7,0.0
666,2025-12-05T15:38:19.115610,0.11574100005873333,0.0,0.0,0.5999999999999943,37.3,-0.30000000000000004
667,2025-12-05T15:38:19.122166,0.11544500000582048,0.0,0.0,0.0,37.8,-0.30000000000000004
668,2025-12-05T15:38:19.128744,0.11620400005085685,0.0,0.0,0.0,36.7,0.0
669,2025-12-05T15:38:19.135348,0.11575999997148756,0.0,0.0,1.0999999999999943,37.8,-0.09999999999999998
670,2025-12-05T15:38:19.141939,0.11938899990582286,0.0,0.0,-1.0999999999999943,36.7,0
671,2025-12-05T15:38:19.148477,0.1161490000640697,0.0,0.0,0.0,36.7,0.2
672,2025-12-05T15:38:19.155124,0.12024199997995311,0.0,0.0,0.0,37.3,0.1
673,2025-12-05T15:38:19.161667,0.11709299997164635,0.0,0.0,-0.5,37.3,0.2
674,2025-12-05T15:38:19.168308,0.11776000008012488,0.0,0.0,0.0,37.3,0.4
675,2025-12-05T15:38:19.174832,0.11726000002454384,0.0,0.0,0.0,37.8,0.4
676,2025-12-05T15:38:19.181382,0.1192229999560368,0.0,0.0,0.0,37.3,-0.30000000000000004
677,2025-12-05T15:38:19.187954,0.11903799997980968,0.0,0.0,-1.0999999999999943,36.7,0.2
678,2025-12-05T15:38:19.194483,0.11588999996092753,0.0,0.0,0.5999999999999943,37.3,0.0
679,2025-12-05T15:38:19.201128,0.11799999992945231,0.0,0.0,0.0,37.8,0.1
680,2025-12-05T15:38:19.207702,0.11792700001933554,0.0,0.0,0.0,37.3,0.10000000000000003
681,2025-12-05T15:38:19.214491,0.1361309999765581,0.0,0.0,0.5999999999999943,37.3,-0.30000000000000004
682,2025-12-05T15:38:19.221185,0.11851899989778758,0.0,0.0,0.5,37.8,0.2
683,2025-12-05T15:38:19.227777,0.11748200006422849,0.0,0.0,0.0,38.4,-0.1
684,2025-12-05T15:38:19.234354,0.11912999991636752,0.0,0.0,0.0,37.3,-0.1
685,2025-12-05T15:38:19.240883,0.11639000001650857,0.0,0.0,0.0,37.3,0.10000000000000003
686,2025-12-05T15:38:19.247424,0.11688999995840277,0.0,0.0,0.0,37.3,0.2
687,2025-12-05T15:38:19.254043,0.11581500007196155,0.0,0.0,0.0,37.8,-0.30000000000000004
688,2025-12-05T15:38:19.260639,0.11811199999556266,0.0,0.0,-0.5,37.3,-0.1
689,2025-12-05T15:38:19.267183,0.11927899993224855,0.0,0.0,0.0,37.3,-0.4
690,2025-12-05T15:38:19.273727,0.11964800000896503,0.0,0.0,0.0,37.3,0.2
691,2025-12-05T15:38:19.280270,0.11775999996643804,0.0,0.0,0.0,37.3,0.2
692,2025-12-05T15:38:19.286837,0.11716699998487456,0.0,0.0,-0.5999999999999943,36.7,-0.2
693,2025-12-05T15:38:19.293410,0.11551900001904869,0.0,0.0,0.0,36.7,0.1
694,2025-12-05T15:38:19.299963,0.11777899999287911,0.0,0.0,1.0999999999999943,37.8,0.1
695,2025-12-05T15:38:19.306450,0.12622300005205034,0.0,0.0,0.0,38.4,0.1
696,2025-12-05T15:38:19.313043,0.11550099998203223,0.0,0.0,0.0,37.3,-0.1
697,2025-12-05T15:38:19.319598,0.11548199995559116,0.0,0.0,0.0,37.3,0.0
698,2025-12-05T15:38:19.326216,0.1170369999954346,0.0,0.0,0.0,37.3,-0.20000000000000004
699,2025-12-05T15:38:19.332813,0.11611200000061217,0.0,0.0,0.0,37.3,-0.30000000000000004
700,2025-12-05T15:38:19.339372,0.11759300002722739,0.0,0.0,0.0,37.3,-0.1
701,2025-12-05T15:38:20.346318,0.13222299992321496,0.0,0.390625,1.0999999999999943,37.8,-0.30000000000000004
702,2025-12-05T15:38:20.353035,0.12900100000479142,0.0,0.0,0.0,37.8,-0.1
703,2025-12-05T15:38:20.359691,0.12788900005489268,0.0,0.0,0.5999999999999943,37.3,-0.30000000000000004
704,2025-12-05T15:38:20.366355,0.12883399995189393,0.0,0.0,-0.5999999999999943,36.7,-0.2
705,2025-12-05T15:38:20.373036,0.1268519999939599,0.0,0.0,0.5999999999999943,37.3,-0.30000000000000004
706,2025-12-05T15:38:20.379775,0.12659300000450457,0.0,0.0,0.0,38.4,-0.2
707,2025-12-05T15:38:20.386396,0.12905700009469,0.0,0.0,0.5999999999999943,37.3,-0.10000000000000003
708,2025-12-05T15:38:20.393094,0.12698199998339987,0.0,0.0,-0.5999999999999943,36.7,0.30000000000000004
709,2025-12-05T15:38:20.399741,0.12775999994119047,0.0,0.0,0.0,37.3,0.0
710,2025-12-05T15:38:20.406455,0.19170500002019253,0.0,0.0,0.5999999999999943,37.3,0.1
711,2025-12-05T15:38:20.413209,0.12753800001519267,0.0,0.0,-0.5999999999999943,36.7,0.10000000000000003
712,2025-12-05T15:38:20.419871,0.12574200002291036,0.0,0.0,0.5999999999999943,37.3,0.1
713,2025-12-05T15:38:20.429489,0.137018999907923,0.0,0.0,-0.5999999999999943,36.7,0.0
714,2025-12-05T15:38:20.436103,0.11757499999021093,0.0,0.0,0.0,36.7,-0.30000000000000004
715,2025-12-05T15:38:20.442637,0.11829699997178977,0.0,0.0,0.0,37.3,0.0
716,2025-12-05T15:38:20.449174,0.1149639999766805,0.0,0.0,0.0,37.3,0.0
717,2025-12-05T15:38:20.455791,0.11772200002724276,0.0,0.0,-0.5999999999999943,36.7,0.0
718,2025-12-05T15:38:20.462347,0.11570399999527581,0.0,0.0,0.0,36.7,-0.5
719,2025-12-05T15:38:20.468925,0.11437099999511702,0.0,0.0,0.0,36.7,0.0
720,2025-12-05T15:38:20.475510,0.11842599997180514,0.0,0.0,-1.0999999999999943,36.7,-0.1
721,2025-12-05T15:38:20.482092,0.1181679999717744,0.0,0.0,1.0999999999999943,37.8,-0.1
722,2025-12-05T15:38:20.488634,0.11783399997966626,0.0,0.0,0.0,37.8,0.1
723,2025-12-05T15:38:20.495212,0.1187230000141426,0.0,0.46875,0.0,37.3,0.4
724,2025-12-05T15:38:20.501875,0.11690799999541923,0.0,0.0,-1.0999999999999943,36.2,-0.2
725,2025-12-05T15:38:20.508484,0.11733399992408522,0.0,0.0,1.5999999999999943,37.8,0.4
726,2025-12-05T15:38:20.515060,0.11577800000850402,0.0,0.0,0.0,37.3,-0.2
727,2025-12-05T15:38:20.521641,0.11605600002440042,0.0,0.0,0.5999999999999943,37.3,-0.2
728,2025-12-05T15:38:20.528266,0.11566799992124288,0.0,0.0,0.0,37.3,-0.1
729,2025-12-05T15:38:20.534798,0.11750099997698271,0.0,0.0,0.5,37.8,-0.1
730,2025-12-05T15:38:20.541403,0.11564900000848866,0.0,0.0,0.0,37.8,-0.2
731,2025-12-05T15:38:20.547956,0.11751900001399918,0.0,0.0,-0.5999999999999943,36.7,0.1
732,2025-12-05T15:38:20.554514,0.12692699999661272,0.0,0.0,0.5999999999999943,37.3,-0.1
733,2025-12-05T15:38:20.561050,0.11670399999275105,0.0,0.0,0.5,37.8,0
734,2025-12-05T15:38:20.567737,0.11789000006956485,0.0,0.0,0.0,37.3,0.0
735,2025-12-05T15:38:20.574435,0.11796399996910623,0.0,0.0,0.0,37.3,0
736,2025-12-05T15:38:20.581124,0.11787099992943695,0.0,0.0,-0.5999999999999943,36.7,-0.20000000000000004
737,2025-12-05T15:38:20.587726,0.11738900002455921,0.0,0.0,0.0,37.3,0.20000000000000004
738,2025-12-05T15:38:20.594339,0.1144079999448877,0.0,0.0,0.0,37.3,-0.2
739,2025-12-05T15:38:20.600956,0.11690799999541923,0.0,0.0,0.0,37.3,0.0
740,2025-12-05T15:38:20.607603,0.11700099992140167,0.0,0.0,0.5,37.8,0.1
741,2025-12-05T15:38:20.614234,0.11933400003272254,0.0,0.0,0.0,37.3,-0.1
742,2025-12-05T15:38:20.620908,0.11679699991873349,0.0,0.0,0.0,36.7,0.20000000000000004
743,2025-12-05T15:38:20.627552,0.11733399992408522,0.0,0.0,0.0,37.3,0.2
744,2025-12-05T15:38:20.635218,0.1144079999448877,0.0,0.0,0.0,37.3,0.2
745,2025-12-05T15:38:20.641811,0.11735300006421312,0.0,0.0,0.0,37.3,0.1
746,2025-12-05T15:38:20.648411,0.11661100006676861,0.0,0.0,0.0,37.3,0.0
747,2025-12-05T15:38:20.654961,0.11851900001147442,0.0,0.0,0.0,37.3,-0.5
748,2025-12-05T15:38:20.661549,0.11437099999511702,0.0,0.0,0.0,37.8,-0.2
749,2025-12-05T15:38:20.668102,0.11661100006676861,0.0,0.0,0.0,37.8,0.2
750,2025-12-05T15:38:20.674698,0.11914799995338399,0.0,0.0,-0.5,37.3,0.20000000000000004
751,2025-12-05T15:38:20.681395,0.11475999997401232,0.0,0.0,1.1000000000000014,38.4,0.0
752,2025-12-05T15:38:20.687978,0.11635200007731328,0.0,0.0,0.0,37.3,0.1
753,2025-12-05T15:38:20.694601,0.12064899999586487,0.0,0.0,0.0,37.3,0
754,2025-12-05T15:38:20.701290,0.1187230000141426,0.0,0.0,0.0,37.3,0.0
755,2025-12-05T15:38:20.707960,0.11572300002171687,0.0,0.0,0.0,37.3,0.0
756,2025-12-05T15:38:20.714541,0.11881500006438728,0.0,0.0,0.0,37.8,-0.2
757,2025-12-05T15:38:20.721139,0.11683400009587785,0.0,0.0,-1.0999999999999943,36.7,-0.1
758,2025-12-05T15:38:20.727807,0.1167599999689628,0.0,0.0,1.0999999999999943,37.8,-0.30000000000000004
759,2025-12-05T15:38:20.734393,0.11568600007194618,0.0,0.0,0.0,37.3,-0.2
760,2025-12-05T15:38:20.740983,0.11785200001668272,0.0,0.0,0.0,37.3,0.0
761,2025-12-05T15:38:20.747575,0.11663099996894744,0.0,0.0,-0.5999999999999943,36.7,0.0
762,2025-12-05T15:38:20.754118,0.1179460000457766,0.0,0.0,0.5999999999999943,37.3,0.0
763,2025-12-05T15:38:20.760736,0.11868600006437191,0.0,0.0,0.0,37.8,0.30000000000000004
764,2025-12-05T15:38:20.767285,0.11577799989481719,0.0,0.0,0.0,37.3,-0.1
765,2025-12-05T15:38:20.773885,0.1152419999925769,0.0,0.0,0.0,37.8,-0.30000000000000004
766,2025-12-05T15:38:20.780548,0.11618600001384038,0.0,0.0,-1.0999999999999943,36.7,-0.1
767,2025-12-05T15:38:20.787186,0.1201310000169542,0.0,0.0,0.0,37.3,0.1
768,2025-12-05T15:38:20.793843,0.11935199995605217,0.0,0.0,0.0,37.3,-0.2
769,2025-12-05T15:38:20.800475,0.11787099992943695,0.0,0.0,0.0,37.3,-0.2
770,2025-12-05T15:38:20.807117,0.11763100008010952,0.0,0.0,-1.0999999999999943,36.2,0.30000000000000004
771,2025-12-05T15:38:20.813722,0.11868600006437191,0.0,0.0,0.0,36.7,0.1
772,2025-12-05T15:38:20.820297,0.11659300002975215,0.0,0.0,0.5999999999999943,37.3,0
773,2025-12-05T15:38:20.826899,0.11531500001638051,0.0,0.0,0.0,37.3,0.0
774,2025-12-05T15:38:20.833544,0.114796999923783,0.0,0.0,0.5,37.8,0.1
775,2025-12-05T15:38:20.840108,0.11733400003777206,0.0,0.0,0.0,37.3,0.10000000000000003
776,2025-12-05T15:38:20.846680,0.11461199994755589,0.0,0.0,0.0,37.8,-0.20000000000000004
777,2025-12-05T15:38:20.853316,0.11803799998233444,0.0,0.0,-0.5,37.3,0.2
778,2025-12-05T15:38:20.859884,0.11726000002454384,0.0,0.0,0.0,36.7,-0.1
779,2025-12-05T15:38:20.866398,0.12485299998843402,0.0,0.0,0.0,37.8,0.1
780,2025-12-05T15:38:20.873009,0.1166490000059639,0.0,0.0,0.0,37.3,-0.2
781,2025-12-05T15:38:20.879554,0.11607499993715464,0.0,0.0,-0.5999999999999943,36.7,0.1
782,2025-12-05T15:38:20.886109,0.11255599997639365,0.0,0.390625,0.0,37.3,0.30000000000000004
783,2025-12-05T15:38:20.892670,0.11531499990269367,0.0,0.0,0.0,38.4,0.2
784,2025-12-05T15:38:20.899242,0.11761199993998162,0.0,0.0,-0.5,37.3,-0.1
785,2025-12-05T15:38:20.905859,0.11540800005604979,0.0,0.0,0.5,37.8,0.1
786,2025-12-05T15:38:20.912463,0.11744500000077096,0.0,0.0,0.0,37.8,0.5
787,2025-12-05T15:38:20.918987,0.11824099999557802,0.0,0.0,0.0,37.3,0.1
788,2025-12-05T15:38:20.925560,0.11190800000804302,0.0,0.0,-0.5,37.3,0.0
789,2025-12-05T15:38:20.932155,0.11544500000582048,0.0,0.0,0.0,37.3,0.1
790,2025-12-05T15:38:20.938734,0.11720500003775669,0.0,0.0,0.0,37.3,0.30000000000000004
791,2025-12-05T15:38:20.945352,0.11320500004785572,0.0,0.0,0.0,37.3,0.2
792,2025-12-05T15:38:20.951919,0.1150930000903827,0.0,0.0,-0.5,37.3,0.30000000000000004
793,2025-12-05T15:38:20.958565,0.16262999997707084,0.0,0.0,0.5,37.8,0.2
794,2025-12-05T15:38:20.965136,0.11546300004283694,0.0,0.0,0.0,36.7,0.30000000000000004
795,2025-12-05T15:38:20.971740,0.11372300002676639,0.0,0.0,-0.5,37.3,-0.4
796,2025-12-05T15:38:20.978225,0.11370400000032532,0.0,0.0,1.1000000000000014,38.4,-0.2
797,2025-12-05T15:38:20.984779,0.11376000009022391,0.0,0.0,-1.1000000000000014,37.3,0.1
798,2025-12-05T15:38:20.991310,0.1155930000322769,0.0,0.0,0.0,37.3,0.0
799,2025-12-05T15:38:20.997998,0.11470399999780057,0.0,0.0,-0.6000000000000014,37.8,-0.1
800,2025-12-05T15:38:21.004566,0.11698200000864745,0.0,0.0,-0.5,37.3,0.30000000000000004
801,2025-12-05T15:38:22.011763,0.12929699994401744,0.0,0.0,0.0,37.3,-0.2
802,2025-12-05T15:38:22.018382,0.12563000007048686,0.0,0.0,1.1000000000000014,36.7,0.0
803,2025-12-05T15:38:22.025095,0.12605699998857745,0.0,0.0,0.0,36.7,0.4
804,2025-12-05T15:38:22.031776,0.12613000001238106,0.0,0.0,0.0,36.7,0.1
805,2025-12-05T15:38:22.038445,0.12590899996212102,0.0,0.0,0.0,37.3,0.0
806,2025-12-05T15:38:22.045201,0.12983399994936917,0.0,0.0,0.5999999999999943,37.3,-0.30000000000000004
807,2025-12-05T15:38:22.051846,0.12963100004981243,0.0,0.0,0.0,37.3,-0.1
808,2025-12-05T15:38:22.058497,0.13601900002413458,0.0,0.0,0.0,37.3,-0.1
809,2025-12-05T15:38:22.065211,0.12566800000968215,0.0,0.0,0.0,37.3,0
810,2025-12-05T15:38:22.071851,0.1268519999939599,0.0,0.0,0.0,37.3,0.1
811,2025-12-05T15:38:22.078476,0.16627900004095864,0.0,0.0,1.1000000000000014,38.4,0.20000000000000004
812,2025-12-05T15:38:22.085197,0.1254449999805729,0.0,0.0,0.0,37.8,0
813,2025-12-05T15:38:22.091863,0.12592600000971288,0.0,0.0,-0.5999999999999943,36.7,-0.30000000000000004
814,2025-12-05T15:38:22.098519,0.13677899994490872,0.0,0.0,0.5999999999999943,37.3,0.2
815,2025-12-05T15:38:22.105228,0.12616799995157635,0.0,0.0,0.0,37.3,0.30000000000000004
816,2025-12-05T15:38:22.111885,0.12750000007599738,0.0,0.0,0.0,37.3,-0.30000000000000004
817,2025-12-05T15:38:22.118533,0.13687100010884024,0.0,0.0,-0.5,37.3,-0.2
818,2025-12-05T15:38:22.129064,0.12833400000999973,0.0,0.0,-0.5999999999999943,36.7,0.1
819,2025-12-05T15:38:22.135574,0.11729599998488993,0.0,0.0,0.5999999999999943,37.3,0.2
820,2025-12-05T15:38:22.142164,0.11594499994771468,0.0,0.0,0.0,36.2,-0.30000000000000004
821,2025-12-05T15:38:22.148781,0.1159820000111722,0.0,0.0,0.0,37.3,0.0
822,2025-12-05T15:38:22.155333,0.11631600000328035,0.0,0.0,-0.5999999999999943,36.7,0.1
823,2025-12-05T15:38:22.161983,0.11372300002676639,0.0,0.0,0.5999999999999943,37.3,0.30000000000000004
824,2025-12-05T15:38:22.168579,0.11759400001665199,0.0,0.0,0.0,37.8,-0.1
825,2025-12-05T15:38:22.175129,0.11603699999795936,0.0,0.0,0.0,36.7,0.2
826,2025-12-05T15:38:22.181722,0.11794499994266516,0.0,0.0,-1.0999999999999943,36.7,0.4
827,2025-12-05T15:38:22.188420,0.11487100005069806,0.0,0.0,0.5999999999999943,37.3,-0.2
828,2025-12-05T15:38:22.194900,0.11670399999275105,0.0,0.0,0.0,37.8,0.2
829,2025-12-05T15:38:22.201457,0.11613100002705323,0.0,0.0,0.0,36.7,-0.2
830,2025-12-05T15:38:22.208030,0.11579699992125825,0.0,0.0,0.0,37.8,0
831,2025-12-05T15:38:22.214627,0.11779700002989557,0.0,0.0,0.0,37.8,0.0
832,2025-12-05T15:38:22.221217,0.11687100004564854,0.0,0.0,0.0,37.8,0.1
833,2025-12-05T15:38:22.227774,0.11585300001115684,0.0,0.0,0.0,37.8,0
834,2025-12-05T15:38:22.234336,0.11500100004013802,0.0,0.0,0.0,37.8,0.0
835,2025-12-05T15:38:22.240916,0.11427799995544774,0.0,0.0,-0.5,37.3,0.30000000000000004
836,2025-12-05T15:38:22.247588,0.11518600001636514,0.0,0.0,0.0,37.8,0.2
837,2025-12-05T15:38:22.254125,0.11005599992586212,0.0,0.0,0.0,37.3,-0.1
838,2025-12-05T15:38:22.260692,0.116538000042965,0.0,0.0,0.0,37.3,-0.1
839,2025-12-05T15:38:22.267245,0.11275999997906183,0.0,0.0,0.5,37.8,-0.2
840,2025-12-05T15:38:22.273841,0.11403799999243347,0.0,0.0,0.0,37.3,-0.2
841,2025-12-05T15:38:22.280387,0.11396399997920525,0.0,0.0,-0.5999999999999943,36.7,0.1
842,2025-12-05T15:38:22.286898,0.11596399997415574,0.0,0.0,1.0999999999999943,37.8,-0.30000000000000004
843,2025-12-05T15:38:22.293502,0.11122299997623486,0.0,0.0,0.0,37.8,-0.4
844,2025-12-05T15:38:22.300059,0.11513100002957799,0.0,0.0,0.0,37.3,0.1
845,2025-12-05T15:38:22.306629,0.11531499990269367,0.0,0.0,1.0999999999999943,37.8,-0.2
846,2025-12-05T15:38:22.313270,0.11649999999008287,0.0,0.0,-1.0999999999999943,36.7,-0.10000000000000003
847,2025-12-05T15:38:22.319885,0.1159830000005968,0.0,0.0,0.5999999999999943,37.3,0.2
848,2025-12-05T15:38:22.326375,0.12583400007315504,0.0,0.0,0.0,36.7,-0.30000000000000004
849,2025-12-05T15:38:22.333007,0.11572299990803003,0.0,0.0,0.0,37.3,0.1
850,2025-12-05T15:38:22.339586,0.11657499999273568,0.0,0.0,-0.5999999999999943,36.7,0
851,2025-12-05T15:38:22.346149,0.1141860000188899,0.0,0.0,0.0,37.3,0.4
852,2025-12-05T15:38:22.352736,0.1146859999607841,0.0,0.0,0.0,37.3,0.20000000000000004
853,2025-12-05T15:38:22.359235,0.1162600000270686,0.0,0.0,0.0,37.3,0.0
854,2025-12-05T15:38:22.365801,0.11439000002155808,0.0,0.0,0.0,37.3,-0.30000000000000004
855,2025-12-05T15:38:22.372388,0.1168709999319617,0.0,0.0,0.0,37.8,-0.20000000000000004
856,2025-12-05T15:38:22.378938,0.1158710000481733,0.0,0.0,0.0,37.3,0.1
857,2025-12-05T15:38:22.385531,0.11544500000582048,0.0,0.0,0.6000000000000014,38.4,0.20000000000000004
858,2025-12-05T15:38:22.392058,0.11513000004015339,0.0,0.0,-0.6000000000000014,37.8,-0.4
859,2025-12-05T15:38:22.398547,0.11574200004815793,0.0,0.0,0.0,37.3,0.0
860,2025-12-05T15:38:22.405101,0.1158710000481733,0.0,0.0,0.0,38.4,-0.4
861,2025-12-05T15:38:22.411631,0.11474099994757125,0.0,0.0,-0.5,37.3,-0.1
862,2025-12-05T15:38:22.418240,0.11451900002157345,0.0,-0.390625,-0.5999999999999943,36.7,0.10000000000000003
863,2025-12-05T15:38:22.424850,0.11548199995559116,0.0,0.0,0.0,36.7,0.2
864,2025-12-05T15:38:22.431399,0.11666699992929352,0.0,0.0,0.0,37.3,0.1
865,2025-12-05T15:38:22.437996,0.11481599995022407,0.0,0.0,-1.0999999999999943,36.7,0.0
866,2025-12-05T15:38:22.444539,0.1161309999133664,0.0,0.0,0.5999999999999943,37.3,0.20000000000000004
867,2025-12-05T15:38:22.451107,0.11414900006911921,0.0,0.0,0.0,37.8,-0.1
868,2025-12-05T15:38:22.457781,0.11420499993164412,0.0,0.0,0.0,38.4,0.0
869,2025-12-05T15:38:22.464336,0.11470499998722516,0.0,0.0,0.5,37.8,0.10000000000000003
870,2025-12-05T15:38:22.470888,0.11894500005382724,0.0,0.0,0.0,37.8,0.1
871,2025-12-05T15:38:22.477459,0.11712999992141704,0.0,0.390625,0.0,37.8,0.0
872,2025-12-05T15:38:22.484034,0.11812999991889228,0.0,0.0,0.0,37.3,0.0
873,2025-12-05T15:38:22.490507,0.11266800004250399,0.0,0.0,1.0999999999999943,37.3,0.4
874,2025-12-05T15:38:22.497142,0.11453799993432767,0.0,0.0,0.0,37.3,0.1
875,2025-12-05T15:38:22.503708,0.11735299995052628,0.0,0.0,0.0,38.4,0.1
876,2025-12-05T15:38:22.510222,0.1141860000188899,0.0,-0.15625,0.0,37.3,-0.20000000000000004
877,2025-12-05T15:38:22.516803,0.11426000003211811,0.0,0.0,0.0,36.7,-0.5
878,2025-12-05T15:38:22.523347,0.11887100004059903,0.0,0.0,2.1999999999999957,38.9,-0.30000000000000004
879,2025-12-05T15:38:22.529934,0.11512999992646655,0.0,0.0,0.0,37.3,0.0
880,2025-12-05T15:38:22.536537,0.11822299995856156,0.0,0.0,-0.5,36.2,0
881,2025-12-05T15:38:22.543109,0.11866699992424401,0.0,-0.390625,1.0999999999999943,37.3,-0.10000000000000003
882,2025-12-05T15:38:22.549692,0.1112230000899217,0.0,0.0,1.1000000000000014,38.4,-0.1
883,2025-12-05T15:38:22.556294,0.11648300005617784,0.0,0.0,0.0,37.3,-0.1
884,2025-12-05T15:38:22.562841,0.1159820000111722,0.0,0.0,0.0,37.3,0.2
885,2025-12-05T15:38:22.569436,0.11642699996627925,0.0,0.0,1.1000000000000014,38.4,0.0
886,2025-12-05T15:38:22.576050,0.11435300007178739,0.0,0.0,-1.1000000000000014,37.3,0.1
887,2025-12-05T15:38:22.582558,0.11752000000342377,0.0,0.0,0.0,37.3,0.4
888,2025-12-05T15:38:22.589203,0.11711199999808741,0.0,0.0,0.0,37.3,0.1
889,2025-12-05T15:38:22.595798,0.11729699997431453,0.0,0.0,0.5,37.8,0.0
890,2025-12-05T15:38:22.602366,0.12813099999675615,0.0,0.0,-0.5,37.3,0.0
891,2025-12-05T15:38:22.608921,0.1152040000533816,0.0,0.0,0.0,37.8,-0.1
892,2025-12-05T15:38:22.615635,0.1227409999273732,0.0,0.0,0.0,37.8,-0.1
893,2025-12-05T15:38:22.622177,0.11242699997637828,0.0,0.0,0.0,37.8,-0.4
894,2025-12-05T15:38:22.628812,0.11635300006673788,0.0,0.0,0.0,37.8,0.0
895,2025-12-05T15:38:22.635395,0.11511200000313693,0.0,-0.390625,0.0,37.3,0.30000000000000004
896,2025-12-05T15:38:22.642013,0.11507500005336624,0.0,0.0,0.0,37.3,0.0
897,2025-12-05T15:38:22.648645,0.11592699991069821,0.0,0.0,0.0,37.3,0.2
898,2025-12-05T15:38:22.655211,0.11635300006673788,0.0,0.0,0.0,37.8,-0.1
899,2025-12-05T15:38:22.661744,0.11563099997147219,0.0,0.0,0.0,37.3,0.1
900,2025-12-05T15:38:22.668302,0.11768599995320983,0.0,0.0,-1.1000000000000014,37.3,0
901,2025-12-05T15:38:23.675335,0.12933400000747497,0.0,-0.34375,0.0,37.3,0.1
902,2025-12-05T15:38:23.681975,0.12605699998857745,0.0,0.0,0.0,37.3,0.2
903,2025-12-05T15:38:23.688659,0.12514900004134688,0.0,0.0,0.0,37.3,0.30000000000000004
904,2025-12-05T15:38:23.695334,0.12738999998873624,0.0,0.0,0.0,37.3,-0.30000000000000004
905,2025-12-05T15:38:23.701907,0.12387100002797524,0.0,0.0,0.0,37.3,-0.1
906,2025-12-05T15:38:23.708603,0.12633400001504924,0.0,0.0,0.0,37.3,0.1
907,2025-12-05T15:38:23.717800,0.1294450000841607,0.0,0.0,0.0,37.3,-0.1
908,2025-12-05T15:38:23.724649,0.12253800002781645,0.0,0.0,-0.5999999999999943,36.7,-0.1
909,2025-12-05T15:38:23.731460,0.12146399990342616,0.0,0.0,0.0,36.7,0.1
910,2025-12-05T15:38:23.738158,0.11753800004044024,0.0,0.0,0.0,36.7,0.2
911,2025-12-05T15:38:23.744983,0.12066800002230593,0.0,0.0,0.0,36.7,0.1
912,2025-12-05T15:38:23.752819,0.12137099997744372,0.0,0.0,-1.0999999999999943,36.7,-0.10000000000000003
913,2025-12-05T15:38:23.759678,0.12064899999586487,0.0,0.0,0.0,37.3,-0.30000000000000004
914,2025-12-05T15:38:23.766521,0.1564269999789758,0.0,0.0,0.5999999999999943,37.3,0.20000000000000004
915,2025-12-05T15:38:23.773392,0.12574200002291036,0.0,0.0,0.0,37.3,0.1
916,2025-12-05T15:38:23.780261,0.12266700002783182,0.0,0.0,0.0,37.3,-0.1
917,2025-12-05T15:38:23.787049,0.1235380000252917,0.0,0.0,0.0,36.7,-0.5
918,2025-12-05T15:38:23.793934,0.11929699996926502,0.0,0.0,1.0999999999999943,37.8,-0.20000000000000004
919,2025-12-05T15:38:23.800717,0.11985300000105781,0.0,0.0,-0.5,37.3,0.30000000000000004
920,2025-12-05T15:38:23.807463,0.12209299995902256,0.0,0.0,0.0,37.3,-0.1
921,2025-12-05T15:38:23.817715,0.11618600001384038,0.0,0.0,0.0,37.3,0.20000000000000004
922,2025-12-05T15:38:23.824314,0.11470399999780057,0.0,0.0,0.5,37.8,0.1
923,2025-12-05T15:38:23.830870,0.11638900002708397,0.0,0.390625,-1.0999999999999943,36.7,-0.2
924,2025-12-05T15:38:23.837417,0.1144630000453617,0.0,0.0,0.5999999999999943,37.3,-0.2
925,2025-12-05T15:38:23.844007,0.11740800005100027,0.0,0.0,0.0,37.3,-0.1
926,2025-12-05T15:38:23.850630,0.12111199998798838,0.0,0.0,-1.0999999999999943,36.7,0.0
927,2025-12-05T15:38:23.857245,0.11920400004328258,0.0,0.0,0.5999999999999943,37.3,0.0
928,2025-12-05T15:38:23.863932,0.11663000009320967,0.0,0.0,0.5,37.8,0.0
929,2025-12-05T15:38:23.870537,0.1189449999401404,0.0,0.0,0.0,36.7,0.1
930,2025-12-05T15:38:23.877128,0.11653699993985356,0.0,0.0,-0.5999999999999943,36.7,0.1
931,2025-12-05T15:38:23.883716,0.11538900002960872,0.0,0.0,0.0,36.7,0.1
932,2025-12-05T15:38:23.890245,0.11377800001355354,0.0,0.0,0.0,37.8,0.1
933,2025-12-05T15:38:23.896874,0.1164819999530664,0.0,0.0,0.0,37.3,-0.20000000000000004
934,2025-12-05T15:38:23.903443,0.1148530000136816,0.0,0.0,0.0,37.3,-0.2
935,2025-12-05T15:38:23.910011,0.11563099997147219,0.0,0.0,0.5,37.8,0.0
936,2025-12-05T15:38:23.917314,0.11676000008264964,0.0,0.0,0.0,37.8,0.0
937,2025-12-05T15:38:23.924108,0.12213000002248009,0.0,0.0,0.0,37.3,-0.10000000000000003
938,2025-12-05T15:38:23.930846,0.12059400000907772,0.0,0.0,0.0,37.3,-0.2
939,2025-12-05T15:38:23.937702,0.11987100003807427,0.0,0.0,0.0,37.3,0.0
940,2025-12-05T15:38:23.944508,0.1217040000938141,0.0,0.0,-1.0999999999999943,36.7,0.0
941,2025-12-05T15:38:23.951237,0.12022300006719888,0.0,0.0,0.0,36.7,-0.1
942,2025-12-05T15:38:23.958073,0.12020500003018242,0.0,0.0,1.6999999999999957,38.4,-0.20000000000000004
943,2025-12-05T15:38:23.964846,0.12200000003304012,0.0,0.0,0.0,37.8,-0.10000000000000003
944,2025-12-05T15:38:23.971664,0.12072300000909308,0.0,0.0,0.0,36.7,0.30000000000000004
945,2025-12-05T15:38:23.978475,0.12862999994922575,0.0,0.0,-0.5,36.2,-0.2
946,2025-12-05T15:38:23.985383,0.12061200004609418,0.0,0.0,0.0,36.7,-0.4
947,2025-12-05T15:38:23.992198,0.12133399991398619,0.0,0.0,1.6999999999999957,38.4,0.2
948,2025-12-05T15:38:23.998991,0.12226000001192006,0.0,0.0,-1.1000000000000014,37.3,-0.10000000000000003
949,2025-12-05T15:38:24.005808,0.12164899999334011,0.0,0.0,0.0,37.3,0
950,2025-12-05T15:38:24.012637,0.12164899999334011,0.0,0.0,0.0,37.3,-0.2
951,2025-12-05T15:38:24.022507,0.11761199993998162,0.0,0.0,0.0,37.3,0.1
952,2025-12-05T15:38:24.029109,0.11520499992911937,0.0,0.0,0.5999999999999943,37.3,0.20000000000000004
953,2025-12-05T15:38:24.035656,0.11518600001636514,0.0,0.0,0.0,37.3,0.1
954,2025-12-05T15:38:24.042179,0.11570399999527581,0.0,0.0,0.0,37.3,0.2
955,2025-12-05T15:38:24.048717,0.11444500000834523,0.0,0.0,0.0,37.8,0.2
956,2025-12-05T15:38:24.055292,0.11438900003213348,0.0,0.0,0.0,37.3,0.30000000000000004
957,2025-12-05T15:38:24.061892,0.1139089999924181,0.0,0.0,0.5,37.8,-0.1
958,2025-12-05T15:38:24.068490,0.11320399994474428,0.0,0.0,0.0,37.3,0.2
959,2025-12-05T15:38:24.075096,0.11568599995825934,0.0,0.0,0.0,37.8,0.0
960,2025-12-05T15:38:24.081792,0.11618600001384038,0.0,0.0,1.0999999999999943,37.3,0.1
961,2025-12-05T15:38:24.088462,0.11577800000850402,0.0,0.0,-0.5999999999999943,36.7,0
962,2025-12-05T15:38:24.095037,0.11514799996348302,0.0,0.0,0.0,37.3,-0.20000000000000004
963,2025-12-05T15:38:24.101608,0.11451900002157345,0.0,0.0,0.0,37.3,-0.1
964,2025-12-05T15:38:24.108208,0.11620400005085685,0.0,0.0,0.5,37.8,-0.2
965,2025-12-05T15:38:24.114765,0.11753800004044024,0.0,0.0,-0.5,37.3,0.0
966,2025-12-05T15:38:24.121456,0.11720400004833209,0.0,0.0,0.0,37.3,0.0
967,2025-12-05T15:38:24.128026,0.1177039999902263,0.0,0.0,0.0,37.3,0.1
968,2025-12-05T15:38:24.134591,0.11702000006152957,0.0,-0.390625,0.0,37.3,0.2
969,2025-12-05T15:38:24.141200,0.11629699997683929,0.0,0.0,0.0,37.3,0.0
970,2025-12-05T15:38:24.147750,0.11849999998503336,0.0,0.0,0.0,37.3,0.2
971,2025-12-05T15:38:24.154362,0.11711199999808741,0.0,0.0,0.0,37.3,0.1
972,2025-12-05T15:38:24.160930,0.11648200006675324,0.0,0.0,0.5,37.8,-0.30000000000000004
973,2025-12-05T15:38:24.167439,0.11679700003242033,0.0,0.0,-0.5,37.3,-0.2
974,2025-12-05T15:38:24.173944,0.11572300002171687,0.0,0.0,0.0,37.3,-0.1
975,2025-12-05T15:38:24.180535,0.11398200001622172,0.0,0.0,-0.5,37.3,0.10000000000000003
976,2025-12-05T15:38:24.187044,0.11931500000628148,0.0,0.0,0.0,37.3,0.4
977,2025-12-05T15:38:24.193631,0.1144079999448877,0.0,0.0,0.0,37.3,0.4
978,2025-12-05T15:38:24.200189,0.11879700002737081,0.0,0.0,0.0,37.3,0
979,2025-12-05T15:38:24.206656,0.1152419999925769,0.0,0.0,-0.5999999999999943,36.7,0.2
980,2025-12-05T15:38:24.213211,0.11775999996643804,0.0,0.0,1.6999999999999957,38.4,0.1
981,2025-12-05T15:38:24.219816,0.11577800000850402,0.0,0.0,-1.1000000000000014,37.3,0.30000000000000004
982,2025-12-05T15:38:24.226326,0.1156299999820476,0.0,0.0,0.0,36.7,0.09999999999999998
983,2025-12-05T15:38:24.232923,0.11568600007194618,0.0,0.0,-0.5,37.3,0.30000000000000004
984,2025-12-05T15:38:24.239457,0.11811199999556266,0.0,0.0,0.0,37.3,0.1
985,2025-12-05T15:38:24.245944,0.1172780000615603,0.0,0.0,1.1000000000000014,38.4,0.1
986,2025-12-05T15:38:24.252484,0.11638900002708397,0.0,0.0,0.0,37.3,0.2
987,2025-12-05T15:38:24.259027,0.11590800011163083,0.0,0.0,-1.0999999999999943,36.7,0.30000000000000004
988,2025-12-05T15:38:24.265615,0.11659299991606531,0.0,0.0,0.5999999999999943,37.3,0.30000000000000004
989,2025-12-05T15:38:24.272190,0.11668600006942142,0.0,0.0,0.0,37.3,0.0
990,2025-12-05T15:38:24.278669,0.11827799994534871,0.0,0.0,0.0,36.7,0.2
991,2025-12-05T15:38:24.285262,0.11644500000329572,0.0,0.0,0.5,37.8,-0.30000000000000004
992,2025-12-05T15:38:24.291799,0.11635199996362644,0.0,0.390625,-0.5,37.3,0.0
993,2025-12-05T15:38:24.298399,0.11676000008264964,0.0,0.0,0.0,37.3,-0.10000000000000003
994,2025-12-05T15:38:24.304981,0.11811199999556266,0.0,0.0,0.0,37.3,-0.1
995,2025-12-05T15:38:24.311531,0.11711199999808741,0.0,0.0,1.0999999999999943,37.8,-0.4
996,2025-12-05T15:38:24.318028,0.11687100004564854,0.0,0.0,-0.5,37.3,-0.20000000000000004
997,2025-12-05T15:38:24.324578,0.11713100002452848,0.0,0.0,0.0,36.7,0.2
998,2025-12-05T15:38:24.331053,0.11898200000359793,0.0,0.0,0.0,37.8,0.0
999,2025-12-05T15:38:24.337598,0.1187230000141426,0.0,0.0,-0.5,37.3,0.1
1000,2025-12-05T15:38:24.344152,0.11644500000329572,0.0,0.0,-1.0999999999999943,36.2,0.1
